Product Name,Price,Original Prices,Discount rates,brand
Pampers Baby-Dry Pants Diaper - New Born,891,"1,049",15% off,Pampers
"Mamaearth Complete Baby Care Kit with Baby Lotion, Sham...",979,"1,195",18% off,Mamaearth
Billion Extra Absorb Diaper Pants - M,649,975,33% off,Billion
Himalaya Total Care Baby Pants - XL,637,850,25% off,Himalaya
MamyPoko Pants Pants Extra Absorb Diapers - L,"1,154","1,499",23% off,MamyPoko Pants
MamyPoko Pants Pants Standard Diapers - S,359,399,10% off,MamyPoko Pants
MamyPoko Pants Pants Extra Absorb Diapers - XL,"1,538","1,998",23% off,MamyPoko Pants
MamyPoko Pants Pants Standard Diapers - L,359,399,10% off,MamyPoko Pants
"Little's Soft Cleansing Baby Wipes with Aloe Vera, Jojo...",429,"1,080",60% off,Little's
MamyPoko Pants Pants Extra Absorb Diapers - M,"1,154","1,499",23% off,MamyPoko Pants
Huggies Wonder Pants Diaper - L,787,"1,049",24% off,Huggies
Pampers Baby-Dry Pants Diaper - XL,934,"1,099",15% off,Pampers
MamyPoko Pants Pants Extra Absorb Diapers - XXL,463,499,7% off,MamyPoko Pants
Pampers Active Baby Diapers - New Born,972,999,2% off,Pampers
MamyPoko Pants Pants Extra Absorb Diapers - L,"1,538","1,998",23% off,MamyPoko Pants
MamyPoko Pants Pants Standard Diapers - M,359,399,10% off,MamyPoko Pants
"Little's Soft Cleansing Baby Wipes with Aloe Vera, Jojo...",225,540,58% off,Little's
Billion Extra Absorb Diaper Pants - S,649,975,33% off,Billion
Pampers Baby-Dry Pants Diaper - M,873,"1,049",16% off,Pampers
Pampers Baby-Dry Pants Diaper - S,934,"1,099",15% off,Pampers
MamyPoko Pants Pants Extra Absorb Diapers - New Born,769,999,23% off,MamyPoko Pants
MamyPoko Pants Pants Extra Absorb Diapers - M,"1,538","1,998",23% off,MamyPoko Pants
Johnson's Baby Skincare Wipes,900,"1,200",25% off,Johnson's
Pampers Pants Diapers Monthly Box Pack New - M,"1,679","2,099",20% off,Pampers
Pampers New Extra Large Size Diapers Pants (28 Count) -...,622,699,11% off,Pampers
MamyPoko Pants Pants Standard Diapers - XL,359,399,10% off,MamyPoko Pants
Himalaya Happy Baby Gift Pack,665,950,30% off,Himalaya
Huggies Wonder Pants Diaper - XXL,424,499,15% off,Huggies
Himalaya Total Care Baby Pants - L,600,800,25% off,Himalaya
"LuvLap Baby Moisturising Wipes with Aloe Vera, 72 Wipes...",219,297,26% off,LuvLap
Billion Extra Absorb Diaper Pants - L,649,975,33% off,Billion
Huggies Wonder Pants Diaper - XS,169,199,15% off,Huggies
Pampers Baby-Dry Pants Diaper - L,891,"1,099",18% off,Pampers
Miss & Chief Baby Playpen Bassinet,"2,999","4,499",33% off,Miss
Huggies Wonder Pants Medium Size Diapers Combo Pack Of ...,"1,075","1,398",23% off,Huggies
Huggies Wonder Pants Diaper - M,787,"1,049",24% off,Huggies
Pampers Pants Diapers Monthly Box Pack New - XL,"1,759","2,199",20% off,Pampers
Pampers Baby-Dry Pants Diaper - M,618,699,11% off,Pampers
Billion Extra Absorb Diaper Pants - XL,649,975,33% off,Billion
"Mamaearth Natural Anti Mosquito Body Roll On, 40ml",95,99,4% off,Mamaearth
Himalaya Gentle Baby Soap,43,48,10% off,Himalaya
Himalaya Massage Oil,330,375,12% off,Himalaya
MamyPoko Pants Extra Absorb Diaper - XL,"1,229","1,499",18% off,MamyPoko Pants
Pampers Baby-Dry Pants Diaper - New Born,891,"1,049",15% off,Pampers
Huggies Wonder pants - XL,763,"1,049",27% off,Huggies
Odomos Naturals Mosquito Repellent Spray,80,85,5% off,Odomos
MamyPoko Pants Pants Extra Absorb Diapers - New Born,538,699,23% off,MamyPoko Pants
Nestle Nan Pro 2 Follow-up Formula Powder Stage 2,590,NaN,Nan,Nestle
Himalaya Total Care Baby Pants - M,562,750,25% off,Himalaya
"Mamaearth Complete Baby Care Kit with Baby Lotion, Sham...",979,"1,195",18% off,Mamaearth
MamyPoko Pants Pants Extra Absorb Diapers - M,657,699,6% off,MamyPoko Pants
Dabur Lal Tail,99,100,1% off,Dabur
Nestle Lactogen Follow-up-Formula (Stage 3),300,NaN,Nan,Nestle
Pampers Baby-Dry Pants Diaper - M,618,699,11% off,Pampers
Pampers New Large Size Diapers Pants (44 Count) - L,617,699,11% off,Pampers
Huggies Wonder Pants Diapers - M,"1,513","2,099",27% off,Huggies
Himalaya GENTLE BABY SHAMPOO Baby Boys & Baby Girls,80,85,5% off,Himalaya
Pampers Pants Diapers Monthly Box Pack New - L,"1,759","2,199",20% off,Pampers
Mamaearth 100 Percent Natural Berry Blast Kids Toothpas...,141,149,5% off,Mamaearth
Pampers Pants Diapers Monthly Box Pack New - M,"1,679","2,099",20% off,Pampers
Pampers Active Baby Diapers - New Born,972,999,2% off,Pampers
MamyPoko Pants Pants Extra Absorb Diapers - XXXL,277,299,7% off,MamyPoko Pants
Nestle Cerelac 5 Grains & Fruits Cereal,262,NaN,Nan,Nestle
Pampers Baby-Dry Pants Diaper - M,873,"1,049",16% off,Pampers
Johnson's Baby Soap (with New Easy Grip Shape) (Buy 3 G...,221,255,13% off,Johnson's
Himalaya Gentle Baby Shampoo pack Baby Boys & Baby Girl...,253,275,8% off,Himalaya
Nestle Lactogen Follow-up-Formula (Stage 2),315,NaN,Nan,Nestle
Huggies Wonder Pants - L,"1,568","2,099",25% off,Huggies
Huggies Wonder Pants - M,574,699,17% off,Huggies
Pampers Baby-Dry Pants Diaper - L,891,"1,099",18% off,Pampers
Huggies Extra Large Size Wonder Pants 76 (38 X 2) - XL,"1,106","1,398",20% off,Huggies
MamyPoko Pants Pants Standard Diapers - XL,750,798,6% off,MamyPoko Pants
Himalaya Total Care - M,734,"1,050",30% off,Himalaya
"LuvLap Baby Moisturising Wipes with Aloe Vera, 72 Wipes...",219,297,26% off,LuvLap
MamyPoko Pants Pants Extra Absorb Diapers - S,"1,538","1,998",23% off,MamyPoko Pants
Himalaya Baby Lotion 400 ml,253,275,8% off,Himalaya
Huggies Dry pants Small - S,314,349,10% off,Huggies
Billion Extra Absorb Diaper Pants - XL,519,730,28% off,Billion
Nestle Cerelac Multigrain & Fruits Cereal,257,NaN,Nan,Nestle
Miss & Chief Baby Playpen Bassinet,"2,999","4,499",33% off,Miss
Johnson's Baby No More Tears Shampoo 200 ml Baby Boys &...,156,165,5% off,Johnson's
Oral-B Kids Soft Toothbrush,50,NaN,Nan,Oral-B
Johnson's Baby No More Tears Shampoo 500 ml Baby Boys &...,294,360,18% off,Johnson's
"Mamaearth Complete Baby Care Kit with Baby Lotion, Sham...",979,"1,195",18% off,Mamaearth
Nestle Lactogen Infant Formula (Stage 1),325,NaN,Nan,Nestle
Little's Soft Cleansing Baby Wipes,90,180,50% off,Little's
Huggies Wonder pants - S,817,"1,049",22% off,Huggies
Nestle Cerelac Wheat Apple Cherry Cereal,220,NaN,Nan,Nestle
Huggies Wonder Pants - XL,587,699,16% off,Huggies
Pampers Active Baby Diapers - New Born,972,999,2% off,Pampers
Johnson's Baby Powder,128,130,1% off,Johnson's
Huggies Wonder Pants Diaper - L,410,499,17% off,Huggies
Colgate Kids Minion Extra Soft Toothbrush,71,79,10% off,Colgate
Pampers Baby-Dry Pants Diaper - S,934,"1,099",15% off,Pampers
Johnson's Baby Ultra Soft Toothbrush,33,NaN,Nan,Johnson's
LuvLap Baby liquid Cleanser 1000 ml,345,549,37% off,LuvLap
Pampers Baby-Dry Pants Diaper - New Born,891,"1,049",15% off,Pampers
"Little's Soft Cleansing Baby Wipes with Aloe Vera, Jojo...",165,360,54% off,Little's
Billion Extra Absorb Diaper Pants - S,519,730,28% off,Billion
Pampers Baby-Dry Pants Diaper - M,618,699,11% off,Pampers
Pampers New Extra Large Size Diapers Pants (36 Count) -...,650,699,7% off,Pampers
MamyPoko Pants Pants Extra Absorb Diapers - XL,657,699,6% off,MamyPoko Pants
Little Angel Baby Diaper Pants - M,"1,199","1,998",39% off,Little
Pampers Pants Diapers Monthly Box Pack New - M,"1,679","2,099",20% off,Pampers
Mamaearth Moisturizing Baby Bathing Soap Bar pH 5.5 wit...,224,249,10% off,Mamaearth
Johnson's Baby Oil with Vitamin E,324,360,10% off,Johnson's
Himalaya baby cream extra soft and gentle,220,235,6% off,Himalaya
Himalaya Baby Massage Oil,148,165,10% off,Himalaya
Billion Extra Absorb Diaper Pants - L,419,520,19% off,Billion
Pampers Baby-Dry Pants Diaper - M,873,"1,049",16% off,Pampers
SYGA Manual Breast Pump with Nipple  - Manual,329,850,61% off,SYGA
Huggies Wonder Pants Diaper - S,587,699,16% off,Huggies
Pampers Active Baby Taped Diapers - M,870,"1,049",17% off,Pampers
Pampers Baby-Dry Pants Diaper - L,891,"1,099",18% off,Pampers
Nestle Cerelac Wheat Apple Cereal,190,NaN,Nan,Nestle
Himalaya Happy Baby Care Gift Pack,190,200,5% off,Himalaya
Pampers New Small Size Diapers Pants (58 Count) - S,617,699,11% off,Pampers
Mogal enterprise Baby Swimming 13 Pcs Sounding Bath Toy...,299,NaN,Nan,Mogal
Nestle Cerelac Multi Grain Dal Veg Cereal,257,NaN,Nan,Nestle
"LuvLap Baby Moisturising Wipes with Aloe Vera, 72 Wipes...",219,297,26% off,LuvLap
Pampers Premium Care Pants Diapers - M,857,"1,049",18% off,Pampers
Pampers Premium Care Pants Diapers Monthly Box Pack - X...,"1,679","2,099",20% off,Pampers
Pampers Baby-Dry Diapers - L,915,949,3% off,Pampers
Pampers Baby-Dry Pants Diaper - New Born,891,"1,049",15% off,Pampers
MeeMee Anti Bacterial Caring Baby Wet Wipes with Aloe V...,420,645,34% off,MeeMee
Himalaya Happy baby gift pack,378,470,19% off,Himalaya
"Pampers New Diapers Pants, Small, 36 Count - S",379,399,5% off,Pampers
Himalaya Baby powder,61,65,6% off,Himalaya
Pampers Active Baby Diapers Taped Large Size,"1,424","1,499",5% off,Pampers
"Mamaearth Complete Baby Care Kit with Baby Lotion, Sham...",979,"1,195",18% off,Mamaearth
Johnson's Baby Powder( 400g) with Baby Soap(100 g),219,258,15% off,Johnson's
Miss & Chief Bed Protector Sheet- Waterproof & Reusable,284,499,43% off,Miss
Huggies Small Size Wonder Pants120 ( 60 X 2) - S,"1,109","1,398",20% off,Huggies
Pampers Active Baby Diapers - New Born,972,999,2% off,Pampers
Huggies Wonder Pants - XL,"1,784","2,099",15% off,Huggies
Himalaya Diaper Rash Cream,104,110,5% off,Himalaya
Pampers Premium Care Pants - XL,822,"1,049",21% off,Pampers
MeeMee Anti Bacterial Caring Baby Wet Wipes with Lemon ...,371,495,25% off,MeeMee
Amulspray Infant Milk Food,197,NaN,Nan,Amulspray
Pampers Baby-Dry Pants Diaper - S,934,"1,099",15% off,Pampers
Little Angel Baby Diaper Pants (2 x 42 Pcs) - XL,880,"1,398",37% off,Little
"MamyPoko Pants Extra Absorb Diaper - Small Size, Pack of 126 ...","1,229","1,499",18% off,MamyPoko Pants
Pampers Active Baby Diapers - New Born,332,349,4% off,Pampers
Pampers Baby-Dry Pants Diaper - M,618,699,11% off,Pampers
Pampers New Extra Extra Extra Large Size Diapers Pants ...,891,"1,049",15% off,Pampers
Little Angel Baby Diaper Pants - L,"1,199","1,998",39% off,Little
Little's Soft Cleansing Baby Lid Pack of 6,499,"1,194",58% off,Little's
Mamaearth Gentle Cleansing Shampoo for Babies (400 ml) ...,351,399,12% off,Mamaearth
Nestle Nan Pro Follow-up-Formula (Stage 4),580,NaN,Nan,Nestle
Pampers Baby-Dry Pants Diaper - M,873,"1,049",16% off,Pampers
Pampers Baby-Dry Pants Diapers - XXL,474,499,5% off,Pampers
Sebamed Baby Cleansing Bar (150 g),379,380,Nan,Sebamed
Pampers Pants Diapers - XS,189,199,5% off,Pampers
Pampers Baby-Dry Pants Diaper - L,891,"1,099",18% off,Pampers
Nestle Cerelac Wheat Cereal,180,NaN,Nan,Nestle
MamyPoko Pants Pants Extra Absorb Diapers - L,463,499,7% off,MamyPoko Pants
Johnson's Baby Cream,128,130,1% off,Johnson's
Huggies Wonder Pants - S,"1,615","1,999",19% off,Huggies
"LuvLap Baby Moisturising Wipes with Aloe Vera, 72 Wipes...",219,297,26% off,LuvLap
Miss & Chief Baby Playpen Bassinet,"2,999","4,499",33% off,Miss
Nestle Cerelac Rice Cereal,182,NaN,Nan,Nestle
Pampers Premium Care Pants Diapers Monthly Box Pack - L,"1,679","2,099",20% off,Pampers
"Pampers New Diaper Pants Super Value Box, Large (Pack o...","2,384","2,999",20% off,Pampers
Pampers Baby-Dry Pants Diaper - New Born,891,"1,049",15% off,Pampers
"TOPHAVEN Baby Knee Pads for Crawling,Comfortable Knee C...",187,599,68% off,TOPHAVEN
Johnson's Skincare Wipes 80s (Pack of 3),586,690,15% off,Johnson's
MamyPoko Pants Pants Extra Absorb Diapers - S,648,699,7% off,MamyPoko Pants
Nestle Nestum Rice Fruits Cereal,177,NaN,Nan,Nestle
IM ENTERPRISE Colorful Floating Baby Bath Aquatic Anima...,299,999,70% off,IM ENTERPRISE
Pampers Active Baby Diapers - New Born,972,999,2% off,Pampers
Miss & Chief Bed Protector Sheet- Waterproof & Reusable,448,699,35% off,Miss
Huggies Ultra soft - XS,265,315,15% off,Huggies
TEMSON Baby Bath Tub/Pool - 2 FT Bath Toy,299,499,40% off,TEMSON
Pampers Baby-Dry Pants Diaper - S,934,"1,099",15% off,Pampers
Huggies Dry pants Large - L,169,199,15% off,Huggies
Himalaya GENTLE BABY SOAP VALUE PACK,132,NaN,Nan,Himalaya
Himalaya Baby Lotion,137,145,5% off,Himalaya
Indus Valley BIO Organic Extra Virgin Coconut Oil,219,249,12% off,Indus
Pampers Premium Care Pant Style Diapers Small Size - 70...,891,"1,049",15% off,Pampers
Pampers Baby-Dry Pants Diaper - M,618,699,11% off,Pampers
Pampers Premium Care Pants Diapers Monthly Box Pack - M,"1,679","2,099",20% off,Pampers
Wishkey Baby Bath Toys-Set Of 14 For Boys Girls Kids Ba...,319,379,15% off,Wishkey
Nestle Cerelac Wheat - Rice Mixed Fruit Cereal,242,NaN,Nan,Nestle
Pampers Pants Diapers Monthly Box Pack New - M,"1,679","2,099",20% off,Pampers
Enfamil A Plus Stage 1 Infant Formula,715,NaN,Nan,Enfamil
Brandonn Solid Single Hooded Baby Blanket,299,"1,200",75% off,Brandonn
Huggies Wonder Pants Diaper - S,410,499,17% off,Huggies
Himalaya Baby Cream,121,128,5% off,Himalaya
Philips Avent NATURAL 2.0 BOTTLE 260ml Single - 260 ml,495,NaN,Nan,Philips
Pampers Baby-Dry Pants Diaper - M,873,"1,049",16% off,Pampers
Little Angel Baby Diaper - XL,"1,199","1,998",39% off,Little
"Mamaearth Complete Baby Care Kit with Baby Lotion, Sham...",979,"1,195",18% off,Mamaearth
"Mamaearth Gentle Cleansing Baby Shampoo : New borns, ba...",183,199,8% off,Mamaearth
Pampers Baby-Dry Pants Diaper - L,891,"1,099",18% off,Pampers
"LuvLap Baby Moisturising Wipes with Aloe Vera,72 Wipes/...",255,345,26% off,LuvLap
Nestle Cerelac Rice Vegetables Cereal,235,NaN,Nan,Nestle
Johnson's Baby Hair Oil,207,230,10% off,Johnson's
MamyPoko Pants Pants Standard Diapers - S,191,195,2% off,MamyPoko Pants
Huggies Dry pants Medium - M,297,349,14% off,Huggies
Miss & Chief Baby Playpen Bassinet,"2,999","4,499",33% off,Miss
Johnson's Baby No More Tears Shampoo Baby Boys & Baby G...,163,165,1% off,Johnson's
Little Angel Baby Diaper Pants (2 x 56 Pcs) - M,880,"1,398",37% off,Little
Himalaya Total Care Baby Pants CMB(M) 4NX28'S - M,"1,040","1,600",35% off,Himalaya
Pampers Baby-Dry Pants Diaper - New Born,891,"1,049",15% off,Pampers
Mamaearth Daily Moisturizing Lotion (400 ml) …,351,399,12% off,Mamaearth
Nestle Nestum Rice (Stage 1) Cereal,137,NaN,Nan,Nestle
MamyPoko Pants Pants Extra Absorb Diapers - New Born,277,299,7% off,MamyPoko Pants
Himalaya Gentle Baby Laundry Wash 500 ml (Pouch) Liquid...,196,245,20% off,Himalaya
MamyPoko Pants Pants Extra Absorb Diapers - XXL,255,275,7% off,MamyPoko Pants
"Mamaearth Complete Baby Care Kit with Baby Lotion, Sham...",979,"1,195",18% off,Mamaearth
Nestle Cerelac Wheat Honey Dates Cereal,242,NaN,Nan,Nestle
Huggies Wonder pants - XL,"1,407","1,599",12% off,Huggies
Pampers Baby Taped Diapers - M,849,999,15% off,Pampers
Pampers Active Baby Diapers - New Born,972,999,2% off,Pampers
Vasundhara Mart 12 Pics Chuchu M Bath Toy,299,599,50% off,Vasundhara
Huggies Dry pants- XL - XL,293,349,16% off,Huggies
"Sebamed Baby Lotion, 400ml","1,094","1,183",7% off,Sebamed
Aptamil Infant Formula (Stage 1),705,NaN,Nan,Aptamil
Johnson's Baby Soap with Baby Lotion & Vitamin E,58,NaN,Nan,Johnson's
Pampers Baby-Dry Pants Diaper - S,934,"1,099",15% off,Pampers
"Lifekrafts Baby Silicone Finger Toothbrush , Baby Finge...",128,199,35% off,Lifekrafts
"Mamaearth Natural Anti Mosquito Body Roll On, 40ml (Pac...",182,198,8% off,Mamaearth
Pampers Premium Care Pants - XS,275,299,8% off,Pampers
Pampers Baby-Dry Pants Diaper - M,618,699,11% off,Pampers
Always Sporty BABY POOL 2FT,284,999,71% off,Always
MamyPoko Pants Pants - M,977,999,2% off,MamyPoko Pants
Pampers Active Baby Diapers - M,"1,034","1,049",1% off,Pampers
Huggies Wonder Pants - M,234,275,14% off,Huggies
Huggies Ultra soft - XS,529,630,16% off,Huggies
Pampers Pants Diapers Monthly Box Pack New - M,"1,679","2,099",20% off,Pampers
"Mamaearth Talc Free Organic Dusting Powder for Babies, ...",183,199,8% off,Mamaearth
Nestle Cerelac Wheat Orange Cereal,231,NaN,Nan,Nestle
MamyPoko Pants Pants Extra Absorb Diapers - XL,"2,371","2,790",15% off,MamyPoko Pants
Pampers Baby-Dry Pants Diaper - M,873,"1,049",16% off,Pampers
Nestle Nan Excella Pro Follow-up Formula-powder (Stage ...,710,NaN,Nan,Nestle
LuvLap Hippo Spout 225ml,191,265,27% off,LuvLap
Fashion Huts Nylon Infants Baby Bedding with Mosquitoes...,274,400,31% off,Fashion
Himalaya Gentle Baby Laundry Wash 1 Ltr (Bottle) Liquid...,346,495,30% off,Himalaya
LWF 12 Piece Chu Chu Bath Toy Animal Shape BPA Free 100...,299,999,70% off,LWF
Pampers Baby-Dry Pants Diaper - L,891,"1,099",18% off,Pampers
Naughty Kidz Star Shaped Baby Food Feeder||Fruit Feeder...,189,500,62% off,Naughty
Pigeon Strawberry Children Toothpaste,140,165,15% off,Pigeon
MamyPoko Pants Pants Extra Absorb Diapers - XL,"1,492","1,699",12% off,MamyPoko Pants
Pampers Baby-Dry Pants Diaper - New Born,891,"1,049",15% off,Pampers
"Pampers New Diapers Pants, Medium, 28 Count - M",375,399,6% off,Pampers
Himalaya Soothing Baby Wipes,165,184,10% off,Himalaya
Himalaya Extra Moisturizing baby wash 200 ml,142,150,5% off,Himalaya
MMShopy Fruit and Food Nibbler & Feeding Pacifier DD Fe...,188,499,62% off,MMShopy
Sebamed Baby Wash Extra Soft 400ml,820,850,3% off,Sebamed
"Mamaearth Complete Baby Care Kit with Baby Lotion, Sham...",979,"1,195",18% off,Mamaearth
"Pampers Premium Care Super Value box pack, Large (Pack ...","2,519","3,149",20% off,Pampers
Sebamed kids Cleansing bar for delicate skin - Pack of ...,255,265,3% off,Sebamed
Himalaya Gentle Baby Laundry Wash 1 Ltr (Pouch) Liquid ...,297,425,30% off,Himalaya
Pampers Active Baby Diapers - New Born,972,999,2% off,Pampers
SSS - Automatic Toothpaste Dispenser with 5 Toothbrush ...,199,399,50% off,SSS
LuvLap Liquid cleanser bottle 1.5 ltr,434,669,35% off,LuvLap
LuvLap Breast Pump  - Manual,599,799,25% off,LuvLap
Huggies Dry pants- Medium - M,"1,217","1,580",22% off,Huggies
Himalaya Babycare Gift Pack of 4,185,195,5% off,Himalaya
Pampers Baby-Dry Pants Diaper - S,934,"1,099",15% off,Pampers
Nestle Nan Excella Pro Infant Formula Powder (Stage 1),730,NaN,Nan,Nestle
Billion Extra Absorb Diaper Pants - M,219,260,15% off,Billion
Nestle Nan Pro 1 Infant Formula Powder,599,NaN,Nan,Nestle
Pampers Baby-Dry Pants Diaper - M,618,699,11% off,Pampers
Himalaya Refreshing Baby Wash,80,85,5% off,Himalaya
Beautiq Baby Collections Complete Stainless Steel Feedi...,400,NaN,Nan,Beautiq
"kakustore Baby Crawling Anti-Slip Knee, Unisex Baby Tod...",175,999,82% off,kakustore
Johnson's Baby Oil with Vitamin E,105,NaN,Nan,Johnson's
Johnson's Active Kids Clean & Fresh Shampoo Baby Boys &...,99,100,1% off,Johnson's
Pampers Pants Diapers Monthly Box Pack New - M,"1,679","2,099",20% off,Pampers
Himalaya Total Care Baby Pants - L,361,425,15% off,Himalaya
Huggies Wonder pants - S,"1,154","1,499",23% off,Huggies
MamyPoko Pants Pants Extra Absorb Diapers - S,463,499,7% off,MamyPoko Pants
Pampers Baby-Dry Pants Diaper - M,873,"1,049",16% off,Pampers
"Pigeon COTTON BALLS, 100PCS/PACK PSH",167,195,14% off,Pigeon
Billion Extra Absorb Diaper Pants - S,219,260,15% off,Billion
Miss & Chief Bed Protector Sheet- Waterproof & Reusable,175,399,56% off,Miss
Fareto Baby Hosiery Single Layer Cotton Cloth Tying Kno...,350,999,64% off,Fareto
MamyPoko Pants Wipes with Green Tea Essence,294,320,8% off,MamyPoko Pants
Pampers Baby-Dry Pants Diaper - L,891,"1,099",18% off,Pampers
MamyPoko Pants Pants Extra Absorb Diapers - S,"1,349","1,499",10% off,MamyPoko Pants
MamyPoko Pants Pants Extra Absorb Diapers - New Born,99,NaN,Nan,MamyPoko Pants
MamyPoko Pants Pants Extra Absorb Diapers - S,955,999,4% off,MamyPoko Pants
Pampers Baby-Dry Pants Diaper - New Born,891,"1,049",15% off,Pampers
LuvLap Pizza Pie design Silicone Teether Teether,205,249,17% off,LuvLap
BELLA COTTON BUDS WITH ALOE VERA EXTRACT PLASTIC BOX,127,129,1% off,BELLA
Huggies Wonder pants - L,"1,231","1,599",23% off,Huggies
Similac Follow-up Formula (Stage 2),345,NaN,Nan,Similac
LuvLap Breast Pads - 24's Pack,134,179,25% off,LuvLap
"Mamaearth Complete Baby Care Kit with Baby Lotion, Sham...",979,"1,195",18% off,Mamaearth
Everything Imported Best Safe Shampoo Bathing Protect S...,145,300,51% off,Everything
Adore Supreme 5Pcs Baby Milk Bottle Nipple Straw Brush ...,249,NaN,Nan,Adore
Futaba Adjustable Baby Shower Cap,102,499,79% off,Futaba
Pampers Active Baby Diapers - New Born,972,999,2% off,Pampers
Himalaya Gentle Baby Wipes,78,79,1% off,Himalaya
Huggies Dry pants Small - S,97,99,2% off,Huggies
Johnson's New Cream 100gm (Pack of 2),256,270,5% off,Johnson's
Huggies Dry - L,395,470,15% off,Huggies
Himalaya Gentle Baby Soap 6N X 75G,242,264,8% off,Himalaya
Pampers Baby-Dry Pants Diaper - S,934,"1,099",15% off,Pampers
Croox Baby's BPA-Free Silicone Food Nibbler for Fruit a...,189,399,52% off,Croox
Miss & Chief Bed Protector Sheet- Waterproof & Reusable,284,499,43% off,Miss
Miss & Chief Bed Protector Sheet- Waterproof & Reusable,448,699,35% off,Miss
Pampers Baby-Dry Pants Diaper - M,618,699,11% off,Pampers
Odomos Naturals Non Sticky Mosquito Repellent Cream,87,92,5% off,Odomos
"Little Angel Baby Diaper Pants, Extra Large (6 X Pack o...","2,430","4,194",42% off,Little
Dexolac Premium 2 Follow-Up Formula (After 6 Months) Ti...,515,NaN,Nan,Dexolac
Pigeon Peristaltic Nipple 2 Pc L Size Fast Flow Nipple,190,NaN,Nan,Pigeon
Johnson's Baby No More Tears Shampoo 100 ml Baby Boys &...,87,NaN,Nan,Johnson's
Pampers Pants Diapers Monthly Box Pack New - M,"1,679","2,099",20% off,Pampers
Billion Extra Absorb Diaper Pants - M,419,520,19% off,Billion
Johnson's Baby No more Tears Shampoo with Hair oil,382,435,12% off,Johnson's
Nestle Nan Excella Pro Follow-up Formula-powder (Stage ...,720,NaN,Nan,Nestle
Pampers Baby-Dry Pants Diaper - M,873,"1,049",16% off,Pampers
Pampers Pant Style Diapers New Born - 62 Pieces - XS,650,699,7% off,Pampers
"LuvLap Baby 99% Pure Water Wipes, 72 wipes/pack, Pack o...",540,750,28% off,LuvLap
MamyPoko Pants Pants Extra Absorb Diapers - L,"2,379","2,799",15% off,MamyPoko Pants
Dabur Amla Kids Nourishing Hair Oil,105,120,12% off,Dabur
Miss & Chief Bed Protector Sheet- Waterproof & Reusable,448,699,35% off,Miss
Pampers Baby-Dry Pants Diaper - L,891,"1,099",18% off,Pampers
Pigeon Baby Powder With Fragrance,224,299,25% off,Pigeon
Enfamil A Plus Follow-up Formula Stage 2,715,NaN,Nan,Enfamil
Manzon Girls Casual Dress Panty,379,"1,099",65% off,Manzon
Pampers Baby-Dry Pants Diaper - New Born,891,"1,049",15% off,Pampers
1st Step Powder Box - Blue,159,NaN,Nan,1st Step
Chartbusters New Born Baby Cotton Hosiery Padded Premiu...,259,499,48% off,Chartbusters
Little's Soft Cleansing Baby Wipes Lid Pack of 4,348,796,56% off,Little's
Pampers Premium care Pants Diapers Small Size 21 pc Pac...,284,299,5% off,Pampers
Johnson's Milk Plus Rice Lotion,94,95,1% off,Johnson's
"Mamaearth Complete Baby Care Kit with Baby Lotion, Sham...",979,"1,195",18% off,Mamaearth
Sebamed Baby Cream Extra Soft - 200 Ml,627,637,1% off,Sebamed
Pigeon Liquid Cleanser 200 Ml Refill Combo,224,280,20% off,Pigeon
SYGA Premium  - Manual,404,950,57% off,SYGA
Pampers Active Baby Diapers - New Born,972,999,2% off,Pampers
Enfamil A Plus Stage 3 Follow-up Formula,479,715,33% off,Enfamil
Mamaearth Nourishing Hair Oil for Babies,269,299,10% off,Mamaearth
Huggies Wonder Sumo Pack - S,"2,303","3,199",28% off,Huggies
Johnson's Milk+ Rice Lotion 200 ml,156,170,8% off,Johnson's
Nestle Cerelac Wheat-Rice Mixed Vegetable Cereal,242,NaN,Nan,Nestle
Pampers Baby-Dry Pants Diaper - S,934,"1,099",15% off,Pampers
LuvLap Birdie Sipper 160ml,241,455,47% off,LuvLap
Chicco Bottle Wellbeing Pink 250Ml Sil Love In - 250 ml,269,NaN,Nan,Chicco
MOM & SON Cotton Diaper Changing Mat,289,699,58% off,MOM
Pampers Baby-Dry Pants Diaper - M,618,699,11% off,Pampers
Pampers Active Baby Diapers - XL,"1,445","1,499",3% off,Pampers
Johnson's All Day Long Baby Lotion,85,88,3% off,Johnson's
LMN Child Care Booties,199,499,60% off,LMN
Sunbaby Musical Activity Walker With Parent Rod,"1,299","1,799",27% off,Sunbaby
SYGA 4 Pcs Baby Milk Bottle Nipple Straw Brush Sponge N...,199,450,55% off,SYGA
Pampers Pants Diapers Monthly Box Pack New - M,"1,679","2,099",20% off,Pampers
Himalaya Original Baby Shampoo Baby Boys & Baby Girls,419,550,23% off,Himalaya
BodyGuard Premium Paraben Free Baby Wet Wipes with Aloe...,243,375,35% off,BodyGuard
"Pampers New Diaper Pants Super Value Box, Small (Pack o...","2,319","2,899",20% off,Pampers
Pampers Baby-Dry Pants Diaper - M,873,"1,049",16% off,Pampers
Nestle Lactogen Follow-up Formula Powder (Stage 2),315,NaN,Nan,Nestle
My New Born Cartoon Crib AC Blanket,285,900,68% off,My
mile fashion New Born Washable Reusable Hosiery Cotton ...,339,799,57% off,mile
LuvLap Silicone Breast Shield Breast Nipple Shield,186,219,15% off,LuvLap
Fareto Baby Hosiery Single Layer Cotton Cloth Tying Kno...,350,699,49% off,Fareto
Pampers Baby-Dry Pants Diaper - L,891,"1,099",18% off,Pampers
Pampers Diaper Pants Monthly Pack - S,"1,759","2,199",20% off,Pampers
mile fashion New Born Washable Reusable Hosiery Cotton ...,339,799,57% off,mile
Pigeon Peristaltic Nursing Bottle Rpp 240Ml (White) Nip...,350,NaN,Nan,Pigeon
Pampers Baby-Dry Pants Diaper - New Born,891,"1,049",15% off,Pampers
Philips Avent Premium,399,525,24% off,Philips
The Moms Co. Tear-Free Natural Baby Wash with Calendula...,664,699,5% off,The  Moms Co.
Himalaya Original Baby Lotion,419,550,23% off,Himalaya
Pampers Active Baby Diapers - S,746,749,Nan,Pampers
Himalaya Baby Massage Oil,95,NaN,Nan,Himalaya
"Mamaearth Complete Baby Care Kit with Baby Lotion, Sham...",979,"1,195",18% off,Mamaearth
Similac IQ Plus Infant Formula (Stage 1),650,NaN,Nan,Similac
Pampers Premium Care Pants Diapers Small Size 140 pc Pa...,"1,679","2,099",20% off,Pampers
Mamaearth Deeply Nourishing Body Wash for Babies,170,199,14% off,Mamaearth
Pampers Active Baby Diapers - New Born,972,999,2% off,Pampers
Mothercare All We Know Baby Shampoo - K3600 Baby Boys &...,331,349,5% off,Mothercare
Himalaya Refreshing Baby Soap,68,70,2% off,Himalaya
Himalaya Total Care Baby Pants - M,339,400,15% off,Himalaya
Dexolac Infant Formula Powder (Stage 3),304,NaN,Nan,Dexolac
Chicco Body Wash and Shampoo (500ml) Baby Boys & Baby G...,479,NaN,Nan,Chicco
Pampers Baby-Dry Pants Diaper - S,934,"1,099",15% off,Pampers
Aptamil Infant Formula (Stage 2),705,NaN,Nan,Aptamil
Pigeon Peristaltic Nipple 3 Pc L Size Fast Flow Nipple,270,NaN,Nan,Pigeon
Pampers Active Baby Diapers Large - L,996,"1,049",5% off,Pampers
Pampers Baby-Dry Pants Diaper - M,618,699,11% off,Pampers
Baby Plus Baby Diaper Pants Medium (8 Pack X 36 Pcs) - ...,"2,235","3,992",44% off,Baby
Johnson's Baby Care Collection,190,200,5% off,Johnson's
Cetaphil Baby Daily Lotion,619,685,9% off,Cetaphil
Billion Extra Absorb Diaper Pants - S,419,520,19% off,Billion
Philips Avent Natural - 125 ml,395,NaN,Nan,Philips
Pampers Pants Diapers Monthly Box Pack New - M,"1,679","2,099",20% off,Pampers
"Cetaphil Baby Gentle Wash and Shampoo, With Shea Butter...",963,"1,150",16% off,Cetaphil
Biotique Bio Disney Pixar Cars Nutty Almond Nourishing ...,55,NaN,Nan,Biotique
Hetkrishi Bath Toys for Baby Non-Toxic Toddler Set Mult...,299,699,57% off,Hetkrishi
Pampers Baby-Dry Pants Diaper - M,873,"1,049",16% off,Pampers
Pampers Baby-Dry Diapers Small - New Born,284,299,5% off,Pampers
Johnson's Milk Plus Rice Cream,74,75,1% off,Johnson's
"Pampers New X-Large Size Diapers Pants, 21 Count - XL",379,399,5% off,Pampers
Himalaya Baby Pants - L,798,800,Nan,Himalaya
Huggies New Dry Diapers - M,790,NaN,Nan,Huggies
Pampers Baby-Dry Pants Diaper - L,891,"1,099",18% off,Pampers
LuvLap Baby 100% Unbleached Cotton Buds Eco friendly - ...,109,NaN,Nan,LuvLap
Manna Banana Rich Cereal,184,NaN,Nan,Manna
Johnson's Baby Powder Blossoms,145,NaN,Nan,Johnson's
Pampers Baby-Dry Pants Diaper - New Born,891,"1,049",15% off,Pampers
Huggies Wonder pants - M,"1,407","1,599",12% off,Huggies
Pigeon Nose Cleaner Manual Nasal Aspirator,258,319,19% off,Pigeon
Miss & Chief Polycotton Bedding Set,650,"1,999",67% off,Miss
Pampers Baby-Dry Pants Diaper - L,192,199,3% off,Pampers
Dove Baby Lotion Rich Moisture,175,180,2% off,Dove
"Mamaearth Complete Baby Care Kit with Baby Lotion, Sham...",979,"1,195",18% off,Mamaearth
BELLA BABY HAPPYDIAPERS - M,476,529,10% off,BELLA
Huggies Wonder Sumo Pack - M,"2,687","3,199",16% off,Huggies
Billion Extra Absorb Diaper Pants - XL,419,520,19% off,Billion
Pampers Active Baby Diapers - New Born,972,999,2% off,Pampers
Dash Musical Walker & Rocker With Parent Rod,"2,799","4,200",33% off,Dash
Mothercare All We Know Baby Lotion - K3602,297,379,21% off,Mothercare
Sebamed Childrens'Shampoo Baby Boys & Baby Girls,869,927,6% off,Sebamed
Huggies Wonder Sumo Pack - L,"2,687","3,199",16% off,Huggies
CHHOTE SAHEB Cotton U shape Baby Pillow Pack of 1,189,399,52% off,CHHOTE
Pampers Baby-Dry Pants Diaper - S,934,"1,099",15% off,Pampers
1st Step Size Adjustable Reusable Diaper With Diaper Li...,539,599,10% off,1st Step
Little's Soft Cleansing Baby Wipes Lid Pack of 5,424,995,57% off,Little's
Philips Avent Anti Colic Bottle with Air Free Vent - 26...,495,NaN,Nan,Philips
Pampers Baby-Dry Pants Diaper - M,618,699,11% off,Pampers
Pampers Baby-Dry Diapers - M,972,999,2% off,Pampers
Pigeon Liquid Cleanser 200 Ml Naturals Combo (Pack Of 3...,385,420,8% off,Pigeon
"MOM & SON Cotton, Mustard Seeds Soft U Shape Baby Pillo...",245,449,45% off,MOM
Figaro Baby Massage Olive Oil 1L,920,925,Nan,Figaro
Chicco Talcum Powder 500 Gr.,379,399,5% off,Chicco
Pampers Pants Diapers Monthly Box Pack New - M,"1,679","2,099",20% off,Pampers
Baby Plus Baby Diaper Pants Large ( 8 Pack X 32 Pcs) - ...,"2,235","3,992",44% off,Baby
Similac IQ Plus Follow-up Formula (Stage 2),650,NaN,Nan,Similac
Philips Avent Manual Breast  - Manual,"1,580","2,095",24% off,Philips
Pampers Baby-Dry Pants Diaper - M,873,"1,049",16% off,Pampers
Little Angel Baby Diaper Pants (2 x 40 Pcs) - M,669,998,32% off,Little
Nestle Lactogen Follow-up Formula (Stage 2) Tin,318,NaN,Nan,Nestle
"Pigeon PANTS DIAPER, EXTRA LARGE (28 PCS) - XL",559,799,30% off,Pigeon
BELLA BABY HAPPY DIAPERS - L,665,739,10% off,BELLA
CPEX Baby Bath Cap,145,499,70% off,CPEX
Pampers Baby-Dry Pants Diaper - L,891,"1,099",18% off,Pampers
"Bambo Nature Size 4, Tall pack 7-14 kg, Large Size, 48 ...","1,699",NaN,Nan,Bambo
"My New Born Cotton 200 GSM Bath, Hand, Face Towel Set",499,"1,800",72% off,My
Nestle Cerelac Organic Selection Wheat Mixed Fruit Cere...,330,NaN,Nan,Nestle
Pampers Baby-Dry Pants Diaper - New Born,891,"1,049",15% off,Pampers
1st Step Size Adjustable Reusable Diaper With Diaper Li...,539,599,10% off,1st Step
Pampers Premium Care Pants - M,"1,196","1,199",Nan,Pampers
"Myynti Baby Knee Pads for Kids Safety Crawling, Anti-Sl...",248,499,50% off,Myynti
Johnson's Baby Top to Toe Baby Bath (500ml) with Baby L...,352,400,12% off,Johnson's
LuvLap Cotton Baby Sleeping Mat,200,299,33% off,LuvLap
"Mamaearth Complete Baby Care Kit with Baby Lotion, Sham...",979,"1,195",18% off,Mamaearth
Himalaya Extra Moisturizing Baby Soap 6NX75G,242,264,8% off,Himalaya
MMShopy Fruit and Food Nibbler & Feeding Pacifier 1B Fe...,188,499,62% off,MMShopy
Huggies Ultra Soft Diapers - M,693,770,10% off,Huggies
Pampers Active Baby Diapers - New Born,972,999,2% off,Pampers
"Royal Krishna Velvet, Nylon Bedding Set",420,999,57% off,Royal
AVNISH knee and elbow pads for kids Multicolor Baby Kne...,240,899,73% off,AVNISH
MeeMee Premium Breathable Baby Diapers (Medium - 20 Pie...,270,300,10% off,MeeMee
"LuvLap Silicone Easy Squeezy Baby Food Feeder, 4M+, 90m...",223,319,30% off,LuvLap
Philips AVENT Natural 2 Fast flow teats 6m+ Fast Flow N...,325,NaN,Nan,Philips
Pampers Baby-Dry Pants Diaper - S,934,"1,099",15% off,Pampers
Pampers Baby-Dry Pants Diaper - S,497,499,Nan,Pampers
"MeeMee Anti-Bacterial Baby Liquid Cleanser for Fruits, ...",279,349,20% off,MeeMee
"Pigeon Hand and Mouth Wipes 20S, 2 In 1",179,199,10% off,Pigeon
Pampers Baby-Dry Pants Diaper - M,618,699,11% off,Pampers
Himalaya Gentle Baby Soap 6N X 125G,325,384,15% off,Himalaya
Johnson's Skincare Wipes,45,NaN,Nan,Johnson's
Huggies New Dry Diapers - S,359,470,23% off,Huggies
"Pampers New Diaper Pants Super Value Box, Medium (Pack ...","2,399","2,999",20% off,Pampers
CONAVA Plastic Automatic Toothpaste Dispenser with Brus...,190,499,61% off,CONAVA
Pampers Pants Diapers Monthly Box Pack New - M,"1,679","2,099",20% off,Pampers
Nestle Nestum Rice Cereal,140,NaN,Nan,Nestle
Mamaearth Moisturizing Daily Lotion For Babies/Kids,183,199,8% off,Mamaearth
"Bambo Nature Maxi 7-18 kg , 30 Count - M",799,849,5% off,Bambo
Pampers Baby-Dry Pants Diaper - M,873,"1,049",16% off,Pampers
Baby Dove Rich Moisture Wipes,128,135,5% off,Baby
Honey Boo Silicone Baby Fresh Fruit Food Feeder Teether...,132,399,66% off,Honey
Curatio atogla lotion,447,450,Nan,Curatio
"Mamaearth Mosquito Fabric Roll On, 8ml (Pack of 2)",182,198,8% off,Mamaearth
Similac Follow-up Formula Stage 3,360,NaN,Nan,Similac
Pampers Baby-Dry Pants Diaper - L,891,"1,099",18% off,Pampers
Johnson's Baby No More Tears Shampoo 500ml with Baby Lo...,330,448,26% off,Johnson's
Johnson's Baby Soap,33,NaN,Nan,Johnson's
"Bambo Nature Size 4, 7-14 kg, Pants Style, Large Size, ...",849,NaN,Nan,Bambo
Pampers Baby-Dry Pants Diaper - New Born,891,"1,049",15% off,Pampers
Pampers Premium Care Pants - M,379,399,5% off,Pampers
Pampers Active Baby Taped Diapers - M,332,349,4% off,Pampers
My New Born Terry Cotton 200 GSM Bath Towel,389,"1,200",67% off,My
1st Step Powder Box - Pink,159,NaN,Nan,1st Step
Curatio atogla lotion,447,450,Nan,Curatio
"Mamaearth Complete Baby Care Kit with Baby Lotion, Sham...",979,"1,195",18% off,Mamaearth
Similac Advance Infant Formula (Stage 1),550,NaN,Nan,Similac
Pampers Active Baby Diapers - Small (3-8 kg) 92 pcs - S,"1,498",NaN,Nan,Pampers
"LuvLap Jumbo Sky Spout Sipper, BPA Free, 300 ml, 6m+",169,229,26% off,LuvLap
Pampers Active Baby Diapers - New Born,972,999,2% off,Pampers
Pampers Active Baby Diapers - XL,799,NaN,Nan,Pampers
Sebamed Baby Wash Extra Soft 400Ml Baby Care Products,783,829,5% off,Sebamed
Huggies Dry pants Medium - M,97,99,2% off,Huggies
Mamaearth Natural Repellent Mosquito Patches For Babies...,183,199,8% off,Mamaearth
1st Step Size Adjustable Reusable Diaper With Diaper Li...,539,599,10% off,1st Step
Pampers Baby-Dry Pants Diaper - S,934,"1,099",15% off,Pampers
Pampers Premium Care Pants - L,650,699,7% off,Pampers
"Bambo Nature Size 3, tall pack, 4-8 kg, Medium Size, 52...","1,699",NaN,Nan,Bambo
Johnson's 24-hour moisture for healthy feeling skin,299,695,56% off,Johnson's
Pampers Baby-Dry Pants Diaper - M,618,699,11% off,Pampers
Huggies Wonder Sumo Pack - XL,"2,687","3,199",16% off,Huggies
"My New Born Fine Quality Towel fabric, Super Soft and S...",349,"1,200",70% off,My
MamyPoko Pants Pants Extra Absorb Diapers - New Born,189,195,3% off,MamyPoko Pants
Nestle Nangrow Nutritious Milk Drink Creamy Vanilla,530,NaN,Nan,Nestle
ODELEE Musical Activity Walker,649,"1,699",61% off,ODELEE
Pampers Pants Diapers Monthly Box Pack New - M,"1,679","2,099",20% off,Pampers
Huggies Ultra Soft Diapers - S,693,770,10% off,Huggies
LuvLap Cotton Baby Sleeping Mat,200,299,33% off,LuvLap
Control D 70% IPA,899,"1,047",14% off,Control
Pampers Baby-Dry Pants Diaper - M,873,"1,049",16% off,Pampers
Indus Valley Bio Organic Extra Virgin Olive Massage Oil...,259,299,13% off,Indus
MeeMee Premium Glass Feeding Bottle - Pink - 240 ml,329,NaN,Nan,MeeMee
"Adore Bottle, Nipple & Vegetable Liquid Cleaner 400ml",249,275,9% off,Adore
BELLA BABY HAPPY DIAPERS - XL,476,529,10% off,BELLA
Similac Advance Follow-Up Formula (Stage 2),550,NaN,Nan,Similac
Pampers Baby-Dry Pants Diaper - L,891,"1,099",18% off,Pampers
SmartRAHO Boys Festive & Party Kurta and Dhoti Pant Set,315,"1,299",75% off,SmartRAHO
Himalaya Total Care Baby Pants - S,677,700,3% off,Himalaya
BabyButtons Hosiery Cotton 170 GSM Face Towel,229,299,23% off,BabyButtons
Pampers Baby-Dry Pants Diaper - New Born,891,"1,049",15% off,Pampers
N BAHUBALI Girls Midi/Knee Length Casual Dress,189,999,81% off,N
ODELEE HANDEL POTTY CHAIR FOR KIDS Potty Seat,399,999,60% off,ODELEE
Pigeon BABY BATHING BAR 3 IN 1,246,275,10% off,Pigeon
Royalkart Cockroach Killing Bait Killer Effective Mirac...,429,899,52% off,Royalkart
Himalaya BABY KIT,430,490,12% off,Himalaya
"Mamaearth Complete Baby Care Kit with Baby Lotion, Sham...",979,"1,195",18% off,Mamaearth
VIC Kid Edge & Corner Cushion Guard for Baby Proofing |...,199,499,60% off,VIC  Kid Edge & Corner 
liveonshop Automatic Toothpaste Dispenser With 5 Toothb...,199,399,50% off,liveonshop
Pigeon Baby Transparent Soap without Case,374,450,16% off,Pigeon
Pampers Active Baby Diapers - New Born,972,999,2% off,Pampers
Johnson's Baby Nappy Pads - New Born,158,160,1% off,Johnson's
Webby Fiddle Diddle Baby Bouncer Cum Rocker Rocker and ...,"3,499","5,999",41% off,Webby
BELLA BABY HAPPY DIAPERS - L,476,529,10% off,BELLA
"LuvLap Silicone Easy Squeezy Baby Food Feeder, 4M+, 180...",233,333,30% off,LuvLap
WOW Skin Science Kids 3 in 1 Tip to Toe Wash - Peach - ...,331,399,17% off,WOW
Pampers Baby-Dry Pants Diaper - S,934,"1,099",15% off,Pampers
Flipkart SmartBuy Toothpaste Dispenser with Toothbrush ...,145,490,70% off,Flipkart
Control D 70% IPA BNH65,299,349,14% off,Control
Bluwings Bathtub Animal Toy With Chu Chu Sound For Kids...,299,501,40% off,Bluwings
Pampers Baby-Dry Pants Diaper - M,618,699,11% off,Pampers
Similac Isomil Soy Infant Formula,495,NaN,Nan,Similac
Curatio Tedibar Soap (Pack Of 4),541,560,3% off,Curatio
"MOM & SON Cotton, Mustard Seeds Soft U Shape Neck suppo...",240,499,51% off,MOM
Himalaya Total Care - XL,"1,150",NaN,Nan,Himalaya
Pampers Baby-Dry Pants Diaper - S,197,199,1% off,Pampers
Pampers Pants Diapers Monthly Box Pack New - M,"1,679","2,099",20% off,Pampers
BELLA BABY HAPPY PANTS - L,584,649,10% off,BELLA
Amardeep Musical Activity Walker,950,"2,000",52% off,Amardeep
Luxula Bathtub Animal Toy with Chu Chu Sound Bath Toy,299,479,37% off,Luxula
Pampers Baby-Dry Pants Diaper - M,873,"1,049",16% off,Pampers
Fisher-Price Baby Polypropylene Food Mash and Serve Bow...,230,315,26% off,Fisher-Price
Johnson's Baby Lotion 500ml with Baby Cream 50g,360,420,14% off,Johnson's
MK Enterprises Baby Swimming Pool 2 Feet Bath Toy,335,699,52% off,MK
Johnson's Baby Oil,693,770,10% off,Johnson's
Tiffy & Toffee Baby Water Wipes (3 Wipes),324,330,1% off,Tiffy
Pampers Baby-Dry Pants Diaper - L,891,"1,099",18% off,Pampers
Welo High Quality Baby Carrier with Strong Belt 4 in 1 ...,399,"1,299",69% off,Welo
Chicco Baby Wipes 20 Pcs In,75,NaN,Nan,Chicco
Sebamed Baby Cream Extra Soft 50ml,222,NaN,Nan,Sebamed
Pampers Baby-Dry Pants Diaper - New Born,891,"1,049",15% off,Pampers
Colgate Kids 2+ Extra Soft Toothbrush,30,NaN,Nan,Colgate
Kuchipoo Boys & Girls Graphic Print Cotton Blend T Shir...,599,"1,299",53% off,Kuchipoo
Pampers Premium Care Pants - XS,664,699,5% off,Pampers
Philips Avent Natural - 330 ml,565,NaN,Nan,Philips
"Bambo Nature Size 6, 16+ kg, XXL Size, 20 Count, for Pr...",799,NaN,Nan,Bambo
"Mamaearth Complete Baby Care Kit with Baby Lotion, Sham...",979,"1,195",18% off,Mamaearth
Philips Avent NATURAL 2.0 BOTTLE 125ml Pack of 2 - 250 ...,695,NaN,Nan,Philips
"Mamaearth Plant Based Baby Laundry Liquid Detergent, wi...",539,599,10% off,Mamaearth
Huggies Dry pants Medium - M,167,199,16% off,Huggies
Pampers Active Baby Diapers - New Born,972,999,2% off,Pampers
"Yourcull Baby Grooming Kit Baby Nail Cutter, Nail File,...",164,599,72% off,Yourcull
Similac Advance Follow-up Formula (Stage 3),550,NaN,Nan,Similac
Huggies Dry pants Large - L,314,349,10% off,Huggies
Johnson's Vitamin E Oil,103,105,1% off,Johnson's
MamyPoko Pants Pants Extra Absorb Diapers - M,499,NaN,Nan,MamyPoko Pants
Pampers Baby-Dry Pants Diaper - S,934,"1,099",15% off,Pampers
Aptamil Infant Formula (Stage 3),705,NaN,Nan,Aptamil
My New Born Animal Crib AC Blanket,299,900,66% off,My
Himalaya Total Care Baby Pants - L,132,140,5% off,Himalaya
Pampers Baby-Dry Pants Diaper - M,618,699,11% off,Pampers
Mothercare Fragrance Free Wipes-10 pcs,"1,700","1,749",2% off,Mothercare
MamyPoko Pants Pants Extra Absorb Diaper - S,909,930,2% off,MamyPoko Pants
My New Born Animal Single Swadding Baby Blanket,299,900,66% off,My
Pampers Baby-dry Pant Diapers - M,197,199,1% off,Pampers
Miss & Chief Printed Single Baby Blanket,325,799,59% off,Miss
Pampers Pants Diapers Monthly Box Pack New - M,"1,679","2,099",20% off,Pampers
Pampers Fresh Clean Baby Wipes 64 count,175,185,5% off,Pampers
"Mamaearth Pack of 2, Daily Moisturizing Lotion for Babi...",350,398,12% off,Mamaearth
"Eazi Rubber, Cotton Baby Bed Protecting Mat",330,598,44% off,Eazi
Pampers Baby-Dry Pants Diaper - M,873,"1,049",16% off,Pampers
Pigeon Baby Wipes,454,690,34% off,Pigeon
Sunbaby Musical Activity Walker With Parent Rod,"1,249","1,799",30% off,Sunbaby
LuvLap Animal Crib AC Blanket,299,599,50% off,LuvLap
Control D 70% Alol,688,698,1% off,Control
Miss & Chief Polycotton Bedding Set,390,"1,300",70% off,Miss
Pampers Baby-Dry Pants Diaper - L,891,"1,099",18% off,Pampers
Pampers Active Baby Diapers - S,349,NaN,Nan,Pampers
Johnson's Baby Oil with Vitamin E,180,190,5% off,Johnson's
Manzon Boys & Girls Casual T-shirt Shorts,413,"1,399",70% off,Manzon
Pampers Baby-Dry Pants Diaper - New Born,891,"1,049",15% off,Pampers
Pigeon Peristaltic Nursing Bottle Rpp Nipple S - 120 ml,165,NaN,Nan,Pigeon
Xtracare Cumfy Dry Pull-Up Pants - S,559,649,13% off,Xtracare
PRESENTSALE Baby Food Feeder Feeder,189,224,15% off,PRESENTSALE
WOW Skin Science Kids 3 in 1 Head to Toe Wash - Green A...,331,399,17% off,WOW
Himalaya Total Care Baby Pants - S,318,375,15% off,Himalaya
"Mamaearth Complete Baby Care Kit with Baby Lotion, Sham...",979,"1,195",18% off,Mamaearth
Beautiq Baby Collections Stainless Steel Baby Feeding B...,360,NaN,Nan,Beautiq
Colgate Natural Strawberry Mint Flavor for Kids Toothpa...,148,150,1% off,Colgate
ss Cotton Infants Kids Cotton Kids Choice Pink Girl Cas...,280,524,46% off,ss
Pampers Active Baby Diapers - New Born,972,999,2% off,Pampers
"Bambo Nature XL 10-30 kg, 22 Count - XL",799,NaN,Nan,Bambo
Mantavya Inflatable Baby Pool Bath Water Tub For Kids B...,791,"1,299",39% off,Mantavya
Trumom (USA) 3in1 Baby Carrier for kids 0 to 15 months ...,"1,299","1,900",31% off,Trumom
Aveeno Baby Soothing Relief Moisture Cream,892,999,10% off,Aveeno
"Himalaya BABY TAPED DIAPERS WITH ANTI RASH SHIELD, SIZE...","1,299","1,350",3% off,Himalaya
Pampers Baby-Dry Pants Diaper - S,934,"1,099",15% off,Pampers
x2o Track Pant For Boys & Girls,630,"1,399",54% off,x2o
Himalaya 8901138513184,320,368,13% off,Himalaya
Himalaya Gentle Baby Laundry Wash 500 ml (Bottle) Liqui...,236,295,20% off,Himalaya
Pampers Baby-Dry Pants Diaper - M,618,699,11% off,Pampers
Manzon Short For Boys & Girls Casual Graphic Print Cott...,350,"1,199",70% off,Manzon
"Pampers Premium Care Pants Diapers, Large, 24 Count - L",379,399,5% off,Pampers
Atogla Baby lotion,450,NaN,Nan,Atogla
Sebamed Sebamed Protective Facial Cream,798,851,6% off,Sebamed
MOM & SON Cotton Clock shape Baby Pillow Pack of 1,195,399,51% off,MOM
Pampers Pants Diapers Monthly Box Pack New - M,"1,679","2,099",20% off,Pampers
Chicco Wb Teat 6M+ Food Sil 2Pcs Fast Flow Nipple,279,NaN,Nan,Chicco
BELLA BABY HAPPY PANTS - XL,584,649,10% off,BELLA
Baby Plus Baby Diaper Pants Small (8 Pack X 46 Pcs) - S,"2,235","3,992",44% off,Baby
Pampers Baby-Dry Pants Diaper - M,873,"1,049",16% off,Pampers
Miss & Chief Printed Single Baby Blanket,325,799,59% off,Miss
Sebamed Baby Children Shampoo Baby Boys & Baby Girls,425,427,Nan,Sebamed
Pigeon BABY CONDITIONING SHAMPOO - 500 ml Baby Boys & B...,355,395,10% off,Pigeon
Miss & Chief Polycotton Bedding Set,390,"1,300",70% off,Miss
LuvLap Liquid Cleanser-1000ml Liquid Detergent,344,479,28% off,LuvLap
Pampers Baby-Dry Pants Diaper - L,891,"1,099",18% off,Pampers
starsky 8 Feet Inflatable Swimming Pool,"1,798","2,999",40% off,starsky
Pampers Splashers Disposable Swim Pants Diapers Large S...,699,999,30% off,Pampers
Nabhya Toilet Trainer Baby Potty Seat Cartoon Face with...,462,999,53% off,Nabhya
Pampers Baby-Dry Pants Diaper - New Born,891,"1,049",15% off,Pampers
"LuvLap Baby Moisturising Wipes with Aloe Vera, 72 wipes...",109,115,5% off,LuvLap
Chicco DRY DIAPERS CHICCO NAPPIES MIDI 21X10 - M,809,899,10% off,Chicco
"My New Born Fast Dry-Waterproof, Super Soft Cotton Dail...",289,"1,200",75% off,My
Huggies Wonder Pants Small Size Diapers - S,989,"1,049",5% off,Huggies
"KL Collection Boys Festive & Party Kurta, Dhoti Pant & ...",298,999,70% off,KL Collection
"Mamaearth Complete Baby Care Kit with Baby Lotion, Sham...",979,"1,195",18% off,Mamaearth
"MeeMee Caring Baby Wet Wipes with lid, 72 Pcs (Aloe Ver...",297,NaN,Nan,MeeMee
Pampers Baby-Dry Pants Diaper - New Born,671,674,Nan,Pampers
Philips Avent Toddler Spout Cup With Twin Handle,535,595,10% off,Philips
Pampers Active Baby Diapers - New Born,972,999,2% off,Pampers
Nestle Cerelac Organic Selection Wheat and Milk Cereal,300,NaN,Nan,Nestle
MeeMee Gentle Protective Nail Clipper(Blue),159,199,20% off,MeeMee
Kids Choice Chu Chu Bath Toys for Baby Non-Toxic Toddle...,325,999,67% off,Kids
LuvLap Blue Berries design Silicon Teether Teether,205,249,17% off,LuvLap
Johnson's New Milk and Rice Lotion 200 ml (Pack of 2),319,340,6% off,Johnson's
Pampers Baby-Dry Pants Diaper - S,934,"1,099",15% off,Pampers
"LuvLap 100% Natural Anti Mosquito Fabric Roll On, Safe ...",67,75,10% off,LuvLap
Sebamed Baby Cleansing Bar (100 g) - Pack of 4,"1,025","1,060",3% off,Sebamed
Babique Cotton Infants Baby Cotton Padded Bed Net Mosqu...,379,"1,250",69% off,Babique
Pampers Baby-Dry Pants Diaper - M,618,699,11% off,Pampers
Sebamed POWDER-005V,660,666,Nan,Sebamed
Huggies Dry pants Large - L,97,99,2% off,Huggies
BodyGuard Premium Paraben Free Baby Wet Wipes with Aloe...,325,500,35% off,BodyGuard
NEPEE Baby Nail Clipper Safety Cutter Toddler Infant Sc...,175,399,56% off,NEPEE
Pigeon TOODLERS TOOTHGEL STRAWBERRY (50 GMS) Toothpaste,159,199,20% off,Pigeon
Pampers Pants Diapers Monthly Box Pack New - M,"1,679","2,099",20% off,Pampers
Miss & Chief Bed Protector Sheet- Waterproof & Reusable,175,399,56% off,Miss
PS AAKRITI Cute Soft Rubber Float Squeeze Sound Baby Ba...,298,299,Nan,PS
MamyPoko Pants Pants Extra Absorb Diapers - S,189,195,3% off,MamyPoko Pants
Pampers Baby-Dry Pants Diaper - M,873,"1,049",16% off,Pampers
"LuvLap Baby Moisturising Wipes with Jojoba Oil, 72 Wipe...",219,297,26% off,LuvLap
Pigeon Strawberry Toothpaste,297,330,10% off,Pigeon
LuvLap Cotton Baby Sleeping Mat,200,299,33% off,LuvLap
Luke and Lilly Indi Girls Midi/Knee Length Casual Dress,599,999,40% off,Luke
"Huggies WONDER NEW BABY PANTS,SIZE XS, 24 PCS PACK, COM...",597,NaN,Nan,Huggies
Pampers Baby-Dry Pants Diaper - L,891,"1,099",18% off,Pampers
iGREEN BW BLUE Potty Seat,415,999,58% off,iGREEN
Xtracare Dryplus Baby Diapers - S,439,450,2% off,Xtracare
Himalaya Baby Cream ( Extra Soft & gentle ) Combo Pack....,525,750,30% off,Himalaya
Mamaearth 100 Percent Natural Berry Blast Kids Toothpas...,141,149,5% off,Mamaearth
Naughty Kidz PREMIUM PACK OF 2 BOROSIL GLASS FEEDING BO...,399,NaN,Nan,Naughty
Pampers Active Baby M-62 Diapers - M,"1,049",NaN,Nan,Pampers
Himalaya Extra Moisturizing Baby Wash 400ml,200,250,20% off,Himalaya
"LuvLap Banana Time Sipper / Sippy Cup 150ml, Anti-Spill...",250,295,15% off,LuvLap
Tajpur Traders Musical Activity Walker,299,700,57% off,Tajpur
Pigeon Nose Cleaner Manual Nasal Aspirator,258,319,19% off,Pigeon
Pampers Premium care Pants Diapers New Born Size 50 pc ...,664,699,5% off,Pampers
Huggies Ultra Soft Small Size Premium Diapers - S,316,330,4% off,Huggies
"Dignity Poochie 100% Biodegradable Baby Wipes, 150 x 20...","2,285","5,184",55% off,Dignity
"LuvLap 100% Natural Anti Mosquito Patches, Safe for 0-1...",125,NaN,Nan,LuvLap
Sukhson India MYFERRARI-MULTICOLOR Potty Seat,395,849,53% off,Sukhson
Himalaya Baby Gift Pack Basket,586,690,15% off,Himalaya
Varco Massage Oil,841,990,15% off,Varco
MeeMee Soft Nipple Baby Pacifier Soother,229,NaN,Nan,MeeMee
"Johnson's Baby Gift Set(Pack of 5- Oil, Baby Bath, Sham...",388,442,12% off,Johnson's
Pigeon Liquid Cleanser Naturals,161,189,14% off,Pigeon
Origami Wet Wipes Assorted Fragrance,297,300,1% off,Origami
Himalaya gentle Baby Wipes (72N * 2 packs),320,350,8% off,Himalaya
"Bambo Nature Size 2, 3-6 kg, Small Size, 30 Count, for ...",899,NaN,Nan,Bambo
Pigeon Cotton Ball,253,295,14% off,Pigeon
Kifayati Bazar Girls Casual Dress Panty,399,"1,199",66% off,Kifayati
Juneja Enterprises Gold Happy Birthday Foil Balloon Wit...,345,999,65% off,Juneja
The Moms Co. Everything for Baby,"2,050","2,399",14% off,The  Moms Co.
Miss & Chief Polyester Baby Bed Protecting Mat,499,998,50% off,Miss
Nestle Lactogen Infant Formula Powder (Stage 1) Tin,330,NaN,Nan,Nestle
Pigeon TOODLERS TOOTHGEL STRAWBERRY (50 GMS) Toothpaste,159,199,20% off,Pigeon
Miss & Chief Bed Protector Sheet- Waterproof & Reusable,284,499,43% off,Miss
Philips Avent Classic+ Variable Flow Nipple,275,NaN,Nan,Philips
Huggies Ultra Soft - S,"1,899","2,499",24% off,Huggies
Pigeon BABY NOURISHING WASH - 200 ml,179,195,8% off,Pigeon
Huggies Dry - M,357,425,16% off,Huggies
Baby Banana ME888 Teether,199,399,50% off,Baby
Brandonn Solid Single Hooded Baby Blanket,495,"1,199",58% off,Brandonn
Himalaya Soothing Baby Wipes 12 (Pack of 6) 72 Wipes,265,270,1% off,Himalaya
Pampers Baby-Dry Diapers - M,299,NaN,Nan,Pampers
Flipkart SmartBuy Toothpaste Dispenser with Toothbrush ...,145,490,70% off,Flipkart
My New Born Cartoon Crib Hooded Baby Blanket,419,"1,800",76% off,My
LuvLap Birdie Sipper 260ml,259,485,46% off,LuvLap
MamyPoko Pants Pants Extra Absorb Diapers - New Born,657,699,6% off,MamyPoko Pants
Pampers Baby-Dry Pants Diaper - New Born,891,"1,049",15% off,Pampers
"Philips Avent Ultra Air Pacifier for Boy, 0-6 Months 2 ...",364,405,10% off,Philips
Shopper52 Shopper52 Wall Mounted with Cover Bathroom St...,179,"1,000",82% off,Shopper52
"MamyPoko Pants EXTRA ABSORB BABY DIAPER PANTS, SIZE XXXL, FOR...","1,196",NaN,Nan,MamyPoko Pants
"LuvLap Clever Frog Sipper, Soft silicone spout, Anti-sp...",200,295,32% off,LuvLap
Lifekrafts Child Baby Safety Lock Cupboard Cabinet Door...,447,999,55% off,Lifekrafts
"Mamaearth Complete Baby Care Kit with Baby Lotion, Sham...",979,"1,195",18% off,Mamaearth
BELLA BABY HAPPY DIAPERS - New Born,828,920,10% off,BELLA
"LuvLap Baby Moisturising Wipes with Aloe Vera, 72 wipes...",94,99,5% off,LuvLap
Eazy Trendz Girls Midi/Knee Length Casual Dress,349,799,56% off,Eazy Trendz
Pampers Active Baby Diapers - New Born,972,999,2% off,Pampers
Fisher-Price ultracare silicone food nibbler Soother,211,249,15% off,Fisher-Price
Orange and Orchid Girls Midi/Knee Length Party Dress,399,999,60% off,Orange
LuvLap Printed Crib AC Blanket,304,599,49% off,LuvLap
BLUESKY ENTERPRISE TOOTHPASTE-BRUSH-DISPENCER Plastic T...,116,594,80% off,BLUESKY
"Bambo Nature Size 1, 2-4 kg, XS Size, 22 Count, for New...",799,NaN,Nan,Bambo
Pampers Baby-Dry Pants Diaper - S,934,"1,099",15% off,Pampers
Huggies Dry pants- Small - S,752,940,20% off,Huggies
Huggies Dry pants- XL - XL,97,99,2% off,Huggies
BELLA BABY HAPPY DIAPERS - New Born,629,699,10% off,BELLA
Pampers Baby-Dry Pants Diaper - M,618,699,11% off,Pampers
The Moms Co. Natural Baby Hair Oil (200 ml) Hair Oil,470,495,5% off,The  Moms Co.
Pampers Premium Care Pants - XL,664,699,5% off,Pampers
Mothercare All We Know Baby Bath Milk - K3604,339,379,10% off,Mothercare
Kifayati Bazar Girls Casual Dress Panty,399,"1,199",66% off,Kifayati
TONY STARK Baby Proofing Edge & Corner Guards | Extra L...,469,599,21% off,TONY
Pampers Pants Diapers Monthly Box Pack New - M,"1,679","2,099",20% off,Pampers
Sebamed Baby Childern's Shampoo Baby Boys & Baby Girls,427,NaN,Nan,Sebamed
Fareto Baby Mosquito Net Bed(0-6 Months) (Pink) print c...,329,999,67% off,Fareto
Himalaya New Baby Powder,179,200,10% off,Himalaya
Pampers Baby-Dry Pants Diaper - M,873,"1,049",16% off,Pampers
"Bambo Nature Size 5, 12-18 kg, Pants Style, XL, 19 Coun...",849,NaN,Nan,Bambo
Mee&Mommy MANICURE-KIT,179,699,74% off,Mee&Mommy
Pampers Baby Dry Size-XXL(15-25 Kg) 28+28 Diaper Pants ...,"1,398",NaN,Nan,Pampers
Himalaya GENTLE BABY WIPES 48 WIPES (PACK OF 3),429,NaN,Nan,Himalaya
"Bambo Nature Size 6, 18+ kg, Pants Style, XXL Size, 18 ...",849,NaN,Nan,Bambo
Pampers Baby-Dry Pants Diaper - L,891,"1,099",18% off,Pampers
Philips Avent Toddler Spout Cup With Twin Handle,509,595,14% off,Philips
Origami Wet Wipes Assorted Fragrance,398,400,Nan,Origami
Little Kids Musical Activity Walker,"2,699","3,599",25% off,Little
Pampers Baby-Dry Pants Diaper - New Born,891,"1,049",15% off,Pampers
Manzon Track Pant For Boys & Girls,274,"1,099",75% off,Manzon
topsale Chu Chu Bath Toys for Baby Non-Toxic Toddler Se...,299,599,50% off,topsale
SHOPINGZ NOW Velvet Bedding Set,284,"1,499",81% off,SHOPINGZ
SEASPIRIT Automatic Toothpaste Dispenser With 5 Toothbr...,198,299,33% off,SEASPIRIT
First Trend Silicone Baby fruit Feeder Feeder,125,299,58% off,First Trend
"Mamaearth Complete Baby Care Kit with Baby Lotion, Sham...",979,"1,195",18% off,Mamaearth
"Dignity Poochie 100% Biodegradable Baby Wipes, 150 x 20...",733,"1,296",43% off,Dignity
BELLA COTTON COSMETIC BALLS COLOURED,127,129,1% off,BELLA
Philips Avent Anti Colic - 520 ml,610,NaN,Nan,Philips
Pampers Active Baby Diapers - New Born,972,999,2% off,Pampers
My New Born Cartoon Single Hooded Baby Blanket,499,"2,500",80% off,My
Bey Bee : Paraben Free 98% Water Based Baby Wipes For N...,199,318,37% off,Bey Bee
"MeeMee Anti-Bacterial Baby Liquid Cleanser for Fruits, ...",679,799,15% off,MeeMee
Nestle Nestum Rice Vegetables Cereal,157,NaN,Nan,Nestle
Bey Bee Cotton Baby Bed Protecting Mat,499,678,26% off,Bey Bee
Pampers Baby-Dry Pants Diaper - S,934,"1,099",15% off,Pampers
Baby Dove Rich Moisture Massage Oil,174,199,12% off,Baby
Mamaearth Easy Tummy Roll On for Digestion and Colic Re...,224,249,10% off,Mamaearth
Nestle Nan Excella Pro Follow-up Formula Powder (Stage ...,720,NaN,Nan,Nestle
Pampers Baby-Dry Pants Diaper - M,618,699,11% off,Pampers
Philips Avent Classic+ Variable Flow Nipple,275,NaN,Nan,Philips
Icable Dungaree For Boys Applique Cotton Blend,439,799,45% off,Icable
MeeMee Anti-Bacterial Baby Liquid Cleanser (1.2L) Liqui...,551,649,15% off,MeeMee
Miss & Chief Polycotton Bedding Set,650,"1,999",67% off,Miss
BELLA BABY HAPPY DIAPERS - XL,737,739,Nan,BELLA
Pampers Pants Diapers Monthly Box Pack New - M,"1,679","2,099",20% off,Pampers
ae Silicone Baby fruit Feeder/BPA Free/Food Feeder/Sili...,228,566,59% off,ae Silicone
LuvLap Cotton Baby Sleeping Mat,200,299,33% off,LuvLap
Mamaearth India's First Organic Bamboo Based Baby Wipes...,224,249,10% off,Mamaearth
Pampers Baby-Dry Pants Diaper - M,873,"1,049",16% off,Pampers
Bambo Nature Tape Diapers 2-4 kgs - New Born,649,799,18% off,Bambo
Philips Avent NATURAL 2.0 BOTTLE 125ml Single - 125 ml,390,NaN,Nan,Philips
"AASA Baby Soft Powder Puff Box, Baby Powder Puff With C...",159,399,60% off,AASA
Honey Boo 3 in 1 Three Head Cartoon Printed Baby Steel ...,696,NaN,Nan,Honey
Pampers Premium Care Pant Diapers - S,799,NaN,Nan,Pampers
Pampers Baby-Dry Pants Diaper - L,891,"1,099",18% off,Pampers
