Product Name,Price,Original Prices,Discount rates,brand,Column1
Portronics Cool Pad Wood Portable Laptop Table,"1,899","2,699",29% off,,Portronics
Ebee Metal Kitchen Cabinet,580,999,41% off,,Ebee
Traders5253 Carbon Steel Collapsible Wardrobe,"1,349","3,884",65% off,,Traders5253
Sauran LCD/LED/PLASMA TV Swivel Type Movable Wall mount...,435,"2,599",83% off,,Sauran
MemeHO BL Wood Portable Laptop Table,999,"1,499",33% off,,MemeHO
NAKODA Plastic Free Standing Chest of Drawers,"1,305","2,289",42% off,,NAKODA
Flipkart Perfect Homes Studio Metal Open Book Shelf,899,"1,049",14% off,,Flipkart
Flipkart Perfect Homes Studio Metal Open Book Shelf,999,"1,049",4% off,,Flipkart
Portronics Mybuddy L Por-833 Wood Portable Laptop Table,"1,799","2,999",40% off,,Portronics
FurnCentral Metal Open Book Shelf,"1,599","3,199",50% off,,FurnCentral
Portronics POR-703 My Buddy Plus (Bamboo) Wood Portable...,"1,899","2,699",29% off,,Portronics
LINGAZ TB-04 Wood Portable Laptop Table,899,"2,099",57% off,,LINGAZ
Flipzon Baby 6 Shelve Unbreakable Material PVC Collapsi...,995,"2,999",66% off,,Flipzon
Ebee Metal Shoe Stand,499,899,44% off,,Ebee
Flipkart Perfect Homes Studio Metal Open Book Shelf,"1,699","2,759",38% off,,Flipkart
Ebee Metal Shoe Stand,699,"1,299",46% off,,Ebee
PARASNATH Parasnath 4-5 Utility Shoe Rack Cabinet (Red)...,549,"1,999",72% off,,PARASNATH
FurnCentral Metal Kitchen Cabinet,"1,999","2,999",33% off,,FurnCentral
Sauran 26-55 inch Heavy TV Wall Mount for all types of ...,365,"1,150",68% off,,Sauran
Flipkart Perfect Homes Studio Metal Open Book Shelf,"1,499","2,759",45% off,,Flipkart
Sasimo 1-Door 6-Shelf Fabric Collapsible Carbon Steel C...,899,"4,999",82% off,,Sasimo
Continental 6 + 2 Shelves 3 Door 88130 Brown PP Collaps...,"1,549","2,499",38% off,,Continental
CMerchants Shoe Stand 6 Layer Metal Collapsible Shoe St...,690,"1,799",61% off,,CMerchants
Flipkart Perfect Homes Studio XXXL Classic Classic Bean...,"1,999","3,999",50% off,,Flipkart
CMerchants Classic-Flower05-Stand Metal Collapsible Sho...,490,"1,999",75% off,,CMerchants
Flipkart Perfect Homes Opus Engineered Wood Queen Box B...,"11,490","15,299",24% off,,Flipkart
Ebee PVC Collapsible Wardrobe,949,"2,999",68% off,,Ebee
Ebee Metal Collapsible Shoe Stand,575,"1,199",52% off,,Ebee
Flipkart Perfect Homes Studio Metal Kitchen Cabinet,749,"1,089",31% off,,Flipkart
@home by Nilkamal Finley Engineered Wood Study Table,"4,190","5,900",28% off,,@home
SM Fashion LCD/LED/PLASMA TV Swivel Type Movable Wall m...,340,"1,299",73% off,,SM
Furn Central PVC (Polyvinyl Chloride) 2 Seater Inflatab...,"2,699","6,999",61% off,,Furn
Ebee Metal Shoe Stand,599,"1,099",45% off,,Ebee
Flipkart Perfect Homes Studio 2 Door 4 Shelf PP Collaps...,"1,299","2,999",56% off,,Flipkart
FOLDDON FD123BG PP (Polypropylene) Collapsible Wardrobe,"1,599","3,600",55% off,,FOLDDON
RoyalOak Angry Bird Kids Engineered Wood Study Table,"2,620","5,500",52% off,,RoyalOak
Nilkamal Leo Engineered Wood Computer Desk,"2,990","3,500",14% off,,Nilkamal
Ebee Metal Collapsible Shoe Stand,480,999,51% off,,Ebee
"Blendia LED LCD PLASMA TV Wall Mount 10"" to 26"" Movable...",499,999,50% off,,Blendia
Ebee Metal Kitchen Cabinet,499,"1,299",61% off,,Ebee
@home by Nilkamal Engineered Wood Shoe Rack,"3,990","7,500",46% off,,@home
FurnCentral Metal Kitchen Cabinet,590,999,40% off,,FurnCentral
Portronics Mybuddy L Por-833 Wood Portable Laptop Table,"1,799","2,999",40% off,,Portronics
Flipkart Perfect Homes Rhea 4 inch Queen PU Foam Mattre...,"5,186","11,499",54% off,,Flipkart
"CAPITAL Ultra Slim tv LCD LED TVs Wall Mount Stand 21"" ...",299,799,62% off,,CAPITAL
Snazzy Lightweight Laptop Wood Portable Laptop Table,"1,299","1,599",18% off,,Snazzy
Flipzon Baby 6 Shelve Unbreakable Material PVC Collapsi...,995,"2,999",66% off,,Flipzon
Ebee Metal Shoe Stand,499,899,44% off,,Ebee
FurnCentral Metal Kitchen Cabinet,"1,849","2,999",38% off,,FurnCentral
Flipkart Perfect Homes Rhea 4 inch Single PU Foam Mattr...,"3,334","6,699",50% off,,Flipkart
Flipkart Perfect Homes Studio Metal Open Book Shelf,"1,699","2,759",38% off,,Flipkart
Crystal Furnitech Avia Engineered Wood Coffee Table,"3,590","4,260",15% off,,Crystal
Ebee Metal Shoe Stand,699,"1,299",46% off,,Ebee
NapCloud SmartNap 4 inch King High Resilience (HR) Foam...,"9,749","12,999",25% off,,NapCloud
PARASNATH Parasnath 4-5 Utility Shoe Rack Cabinet (Red)...,549,"1,999",72% off,,PARASNATH
SleepX Dual Medium Soft & Hard 6 inch Queen Bonded Foam...,"13,090","13,361",2% off,,SleepX
FurnCentral Engineered Wood Portable Laptop Table,"1,249","1,798",30% off,,FurnCentral
"Gymfy Plastic, Metal Collapsible Shoe Stand",999,"3,999",75% off,,Gymfy
Flipkart Perfect Homes Carol Engineered Wood Queen Bed,"9,490","13,999",32% off,,Flipkart
NapCloud ZipNap 6 inch Double Memory Foam Mattress,"11,249","14,999",25% off,,NapCloud
Jillong 17011 Portable Pool,699,"1,499",53% off,,Jillong
Sauran 26-55 inch Heavy TV Wall Mount for all types of ...,365,"1,150",68% off,,Sauran
Flipkart Perfect Homes Cole Medium Shoe Rack,"4,390","5,999",26% off,,Flipkart
NapCloud ZipNap 6 inch Single Memory Foam Mattress,"10,499","13,999",25% off,,NapCloud
Flipkart Perfect Homes Opus Engineered Wood Queen Box B...,"11,490","15,299",24% off,,Flipkart
Flipkart Perfect Homes Julian Engineered Wood 3 Door Wa...,"10,990","15,999",31% off,,Flipkart
Flipkart SmartBuy PVC 3 Seater Inflatable Sofa,"2,899","4,159",30% off,,Flipkart
Flipkart Perfect Homes Julian Engineered Wood 2 Door Wa...,"7,990","11,499",30% off,,Flipkart
Flipkart Perfect Homes Carol Engineered Wood Queen Bed,"9,490","13,999",32% off,,Flipkart
NapCloud ZipNap Plus 8 inch Queen Memory Foam Mattress,"14,624","19,499",25% off,,NapCloud
FurnCentral Metal Open Book Shelf,"1,899","3,199",40% off,,FurnCentral
Continental 6+2 Shelves 3 Door 88130 PP Collapsible War...,"1,549","2,499",38% off,,Continental
"CAPITAL Ultra Slim LCD LED TVs Wall Mount Stand 21"" to ...",299,399,25% off,,CAPITAL
NapCloud ZipNap 6 inch King Memory Foam Mattress,"14,999","19,999",25% off,,NapCloud
Flipkart Perfect Homes Studio Metal Open Book Shelf,"1,499","2,759",45% off,,Flipkart
Spacewood Original Engineered Wood Dressing Table,"9,790","16,293",39% off,,Spacewood
FurnCentral Canvas Swing,999,"1,399",28% off,,FurnCentral
urban choice 88130 Cotton Collapsible Wardrobe,"1,699","3,999",57% off,,urban
Luximal Cotton Home Swing for Baby Julla Cotton Swing,469,999,53% off,,Luximal
NapCloud ZipNap Plus 8 inch King Memory Foam Mattress,"16,499","21,999",25% off,,NapCloud
NAKODA Plastic Free Standing Chest of Drawers,"1,390","2,323",40% off,,NAKODA
Sauran LCD/LED/PLASMA TV Swivel Type Movable Wall mount...,435,"2,599",83% off,,Sauran
Sasimo 1-Door 4-Shelf Fabric Metal Collapsible Shoe Sta...,599,"3,999",85% off,,Sasimo
Flipkart Perfect Homes Rhea 4 inch Queen PU Foam Mattre...,"5,186","11,499",54% off,,Flipkart
CAPITAL 21 - 43 Fixed TV Mount Fixed TV Mount,229,999,77% off,,CAPITAL
Nilkamal Plastic Shoe Rack,"2,290","2,470",7% off,,Nilkamal
Continental 6+2 Shelves 3 door 88130 PP Collapsible War...,"1,549","2,499",38% off,,Continental
RoyalOak Opel Engineered Wood Bedside Table,"3,299","4,600",28% off,,RoyalOak
Smart Shelter Wood Portable Laptop Table,"1,199","1,650",27% off,,Smart
Flipkart Perfect Homes Rhea 4 inch Single PU Foam Mattr...,"3,334","6,699",50% off,,Flipkart
NAKODA Plastic Free Standing Chest of Drawers,"1,319","2,289",42% off,,NAKODA
Snazzy Prremium Quality Multi-Purpose Wood Portable Lap...,"1,599","2,199",27% off,,Snazzy
Sasimo 1-Door 6-Shelf Fabric Metal Collapsible Shoe Sta...,999,"2,599",61% off,,Sasimo
NapCloud SmartNap 4 inch King High Resilience (HR) Foam...,"9,749","12,999",25% off,,NapCloud
Joyful Plastic Free Standing Chest of Drawers,"1,349","2,190",38% off,,Joyful
RoyalOak Disney Engineered Wood Study Table,"4,490","5,385",16% off,,RoyalOak
MemeHO BL Wood Portable Laptop Table,999,"1,499",33% off,,MemeHO
Crystal Furnitech Sigma Engineered Wood Coffee Table,"3,690","4,719",21% off,,Crystal
DIAL FOR STYLE DREAM Airsofa PVC 3 Seater Inflatable So...,"2,799","6,999",60% off,,DIAL
NapCloud ZipNap 6 inch Double Memory Foam Mattress,"11,249","14,999",25% off,,NapCloud
Spacewood Winner Engineered Wood Study Table,"7,790","9,386",17% off,,Spacewood
Ebee Plastic Kitchen Trolley,749,"1,099",31% off,,Ebee
Nilkamal Zenith Engineered Wood Computer Desk,"5,990","6,100",1% off,,Nilkamal
NapCloud ZipNap 6 inch Single Memory Foam Mattress,"10,499","13,999",25% off,,NapCloud
Flipkart Perfect Homes Studio Metal Open Book Shelf,899,"1,049",14% off,,Flipkart
Gymfy Multipurpose Home Utility Collapsible Stand2 Meta...,599,"1,599",62% off,,Gymfy
Spacewood Winner Engineered Wood Study Table,"7,790","9,386",17% off,,Spacewood
GTC 6+2 Layer Fold able Wardrobe 88130M Carbon Steel Co...,"1,549","2,500",38% off,,GTC
Flipkart Perfect Homes Studio Metal Open Book Shelf,999,"1,049",4% off,,Flipkart
NapCloud ZipNap Plus 8 inch Queen Memory Foam Mattress,"14,624","19,499",25% off,,NapCloud
@home by Nilkamal Engineered Wood Shoe Rack,"3,990","7,500",46% off,,@home
FurnCentral Metal Kitchen Cabinet,590,999,40% off,,FurnCentral
Portronics Mybuddy L Por-833 Wood Portable Laptop Table,"1,799","2,999",40% off,,Portronics
NapCloud ZipNap 6 inch King Memory Foam Mattress,"14,999","19,999",25% off,,NapCloud
"CAPITAL Ultra Slim tv LCD LED TVs Wall Mount Stand 21"" ...",299,799,62% off,,CAPITAL
Snazzy Lightweight Laptop Wood Portable Laptop Table,"1,299","1,599",18% off,,Snazzy
Flipzon Baby 6 Shelve Unbreakable Material PVC Collapsi...,995,"2,999",66% off,,Flipzon
Ebee Metal Shoe Stand,499,899,44% off,,Ebee
FurnCentral Metal Kitchen Cabinet,"1,849","2,999",38% off,,FurnCentral
NapCloud ZipNap Plus 8 inch King Memory Foam Mattress,"16,499","21,999",25% off,,NapCloud
Regalo Stool,589,"1,499",60% off,,Regalo
Flipkart Perfect Homes Cluedo Glass Coffee Table,"4,290","6,499",33% off,,Flipkart
Peps Springkoil Normal Top Blue 10 inch Double Bonnell ...,"13,690","14,063",2% off,,Peps
Flipkart Perfect Homes Rhea 4 inch Queen PU Foam Mattre...,"5,186","11,499",54% off,,Flipkart
Continental Storage Box Portable & Foldable Laundry Box...,475,999,52% off,,Continental
Flipkart Perfect Homes Dalton Study Table,"6,590","7,999",17% off,,Flipkart
Spacewood Engineered Wood Coffee Table,"2,490","2,520",1% off,,Spacewood
Ebee Metal Shoe Stand,599,"1,099",45% off,,Ebee
Flipkart Perfect Homes Studio 2 Door 4 Shelf PP Collaps...,"1,299","2,999",56% off,,Flipkart
Flipkart Perfect Homes Rhea 4 inch Single PU Foam Mattr...,"3,334","6,699",50% off,,Flipkart
Muebles Casa Croma Leatherette 3 Seater  Sofa,"18,990","70,000",72% off,,Muebles
FOLDDON FD123BG PP (Polypropylene) Collapsible Wardrobe,"1,599","3,600",55% off,,FOLDDON
Nilkamal FMDR1C Plastic Free Standing Cabinet,"5,790","5,880",1% off,,Nilkamal
NapCloud SmartNap 4 inch King High Resilience (HR) Foam...,"9,749","12,999",25% off,,NapCloud
Cello Plastic Shoe Rack,"2,690","2,755",2% off,,Cello
Mantavya KIds & Adults Cotton Swing,399,999,60% off,,Mantavya
Cello Proline Plastic Outdoor Table,"2,390","2,586",7% off,,Cello
ReTrack Heavy Duty Single Arm LCD Monitor Stand 19 To 4...,799,"1,499",46% off,,ReTrack
Ebee Metal Collapsible Shoe Stand,480,999,51% off,,Ebee
NapCloud ZipNap 6 inch Double Memory Foam Mattress,"11,249","14,999",25% off,,NapCloud
Joyful Plastic Free Standing Chest of Drawers,"1,535","2,625",41% off,,Joyful
Valtos Engineered Wood Bedside Table,"2,790","5,000",44% off,,Valtos
FurnCentral Fabric Shoe Stand,973,"1,999",51% off,,FurnCentral
NapCloud ZipNap 6 inch Single Memory Foam Mattress,"10,499","13,999",25% off,,NapCloud
Ebee Metal Kitchen Cabinet,499,"1,299",61% off,,Ebee
Flipkart Perfect Homes Atiu Metal 4 Seater Dining Set,"15,190","16,999",10% off,,Flipkart
MX Ultra Slim Lcd Led Tv Plasma Wall Mount Stand 32 To ...,799,932,14% off,,MX
Karmax Wood Portable Laptop Table,"1,699","2,499",32% off,,Karmax
FurnCentral Wood Portable Laptop Table,"1,349","1,798",24% off,,FurnCentral
NapCloud ZipNap Plus 8 inch Queen Memory Foam Mattress,"14,624","19,499",25% off,,NapCloud
RoyalOak MICKIES Engineered Wood Study Table,"3,430","5,000",31% off,,RoyalOak
Sasimo 1-Door 6-Shelf Fabric Metal Collapsible Shoe Sta...,999,"4,899",79% off,,Sasimo
Gymfy COLLAPSIBLE SHOE STAND Plastic Collapsible Shoe S...,591,"1,599",63% off,,Gymfy
NapCloud ZipNap 6 inch King Memory Foam Mattress,"14,999","19,999",25% off,,NapCloud
Snazzy (Extra Large) Wood Portable Laptop Table,"1,549","1,599",3% off,,Snazzy
RoyalOak Engineered Wood Shoe Rack,"4,590","8,990",48% off,,RoyalOak
Ebee Plastic Kitchen Trolley,749,"2,199",65% off,,Ebee
@home by Nilkamal Engineered Wood Shoe Rack,"3,890","7,500",48% off,,@home
HomeTown Albert Engineered Wood Free Standing Cabinet,"6,890","17,990",61% off,,HomeTown
NapCloud ZipNap Plus 8 inch King Memory Foam Mattress,"16,499","21,999",25% off,,NapCloud
Spacewood Engineered Wood King Box Bed,"20,390","35,811",43% off,,Spacewood
Flipkart Perfect Homes Waltz Engineered Wood Queen Box ...,"13,990","19,999",30% off,,Flipkart
FurnCentral Fabric Shoe Stand,899,"1,999",55% off,,FurnCentral
Flipkart Perfect Homes Rhea 4 inch Queen PU Foam Mattre...,"5,186","11,499",54% off,,Flipkart
FurnCentral Metal Display Unit,699,"1,299",46% off,,FurnCentral
Snazzy (Extra Large) Metal Portable Laptop Table,"1,549","2,199",29% off,,Snazzy
Shopper52 Standard Double Dustproof & Dampproof Shoe Ra...,"1,199","2,000",40% off,,Shopper52
SleepX Dual Medium Soft & Hard 5 inch Queen Bonded Foam...,"10,190","10,834",5% off,,SleepX
Ebee Metal Collapsible Shoe Stand,699,"1,799",61% off,,Ebee
Flipkart Perfect Homes Rhea 4 inch Single PU Foam Mattr...,"3,334","6,699",50% off,,Flipkart
Eduway 1.5X2 Display Board Notice Board,389,"1,999",80% off,,Eduway
Flipkart Perfect Homes Sheesham Wood Solid Wood Coffee ...,"7,890","14,193",44% off,,Flipkart
CMerchants 5 SHELF STAND MAROON Metal Collapsible Shoe ...,580,"1,199",51% off,,CMerchants
NapCloud SmartNap 4 inch King High Resilience (HR) Foam...,"9,749","12,999",25% off,,NapCloud
Flipkart Perfect Homes Engineered Wood Close Book Shelf,"4,890","6,499",24% off,,Flipkart
Flipkart SmartBuy PP Collapsible Wardrobe,"1,599","2,799",42% off,,Flipkart
GTC 6+2 Layer Fold able Wardrobe 88130C Carbon Steel Co...,"1,549","2,500",38% off,,GTC
Ebee Engineered Wood Computer Desk,"1,899","4,999",62% off,,Ebee
"Shopper52 Plastic, Metal Collapsible Shoe Stand",599,"2,000",70% off,,Shopper52
NapCloud ZipNap 6 inch Double Memory Foam Mattress,"11,249","14,999",25% off,,NapCloud
"MX Ultra Slim LCD LED TVs Wall Mount Stand 26"" to 55"" i...",269,700,61% off,,MX
Flipkart Perfect Homes Studio XXL Classic Bean Bag  Wit...,"1,649","2,999",45% off,,Flipkart
Flipkart Perfect Homes Studio Metal Kitchen Cabinet,699,"1,089",35% off,,Flipkart
NapCloud ZipNap 6 inch Single Memory Foam Mattress,"10,499","13,999",25% off,,NapCloud
Curio Centre Cotton Swing,"1,299","2,399",45% off,,Curio
Flipzon Baby 6 Shelve Unbreakable Material PVC Collapsi...,"1,095","2,999",63% off,,Flipzon
RoyalOak Angry Bird Kids Engineered Wood Study Table,"2,620","5,500",52% off,,RoyalOak
Nilkamal Leo Engineered Wood Computer Desk,"2,990","3,500",14% off,,Nilkamal
Sasimo 1-Door 6-Shelf Fabric Metal Collapsible Shoe Sta...,999,"4,899",79% off,,Sasimo
NapCloud ZipNap Plus 8 inch Queen Memory Foam Mattress,"14,624","19,499",25% off,,NapCloud
Furn Central Engineered Wood Shoe Rack,"6,790","8,482",19% off,,Furn
Nayasa Stool,812,999,18% off,,Nayasa
Royaldeals 88130 Polyester Collapsible Wardrobe,"1,299","2,038",36% off,,Royaldeals
NapCloud ZipNap 6 inch King Memory Foam Mattress,"14,999","19,999",25% off,,NapCloud
Mil-Nil MILNIL36124I Luggage Rack,"5,250","5,310",1% off,,Mil-Nil
Tarkan Foldable Wooden Laptop Desk for Bed Wood Portabl...,799,"1,499",46% off,,Tarkan
Flipkart Perfect Homes Studio Single Door Metal Collaps...,"1,299","2,999",56% off,,Flipkart
Home Full Oscar 3 door Engineered Wood Shoe Rack,"5,690","8,599",33% off,,Home
Sasimo 1-Door 4-Shelf Fabric Metal Collapsible Shoe Sta...,599,"4,999",88% off,,Sasimo
NapCloud ZipNap Plus 8 inch King Memory Foam Mattress,"16,499","21,999",25% off,,NapCloud
SAVYA HOME Wood Portable Laptop Table,"1,090","2,500",56% off,,SAVYA
Flipkart SmartBuy Plastic Kitchen Cabinet,"2,090","2,999",30% off,,Flipkart
SleepX BRILL 5 inch Double PU Foam Mattress,"6,890","7,333",6% off,,SleepX
Flipkart Perfect Homes Rhea 4 inch Queen PU Foam Mattre...,"5,186","11,499",54% off,,Flipkart
Home Full Alan Engineered Wood Open Book Shelf,"3,990","6,499",38% off,,Home
Snazzy Wood Portable Laptop Table,"1,249","1,999",37% off,,Snazzy
Ebee Metal Collapsible Shoe Stand,799,"2,499",68% off,,Ebee
Ebee Metal Shoe Stand,425,699,39% off,,Ebee
Flipkart SmartBuy FK2377 Full Motion TV Mount,"1,499","3,799",60% off,,Flipkart
Flipkart Perfect Homes Rhea 4 inch Single PU Foam Mattr...,"3,334","6,699",50% off,,Flipkart
Sasimo 1-Door 6-Shelf Fabric Metal Collapsible Shoe Sta...,999,"4,899",79% off,,Sasimo
Cello Oscar Center Table (Beige)  Plastic Coffee Table,"1,150","1,275",9% off,,Cello
Ebee Plastic Shoe Stand,249,999,75% off,,Ebee
NapCloud SmartNap 4 inch King High Resilience (HR) Foam...,"9,749","12,999",25% off,,NapCloud
Porchex Metal Collapsible Shoe Stand,799,"4,999",84% off,,Porchex
"ROQ LED LCD PLASMA TV Wall Mount 10"" to 26"" Movable wit...",199,999,80% off,,ROQ
FurnCentral 2 Door PP (Polypropylene) Collapsible Wardr...,"1,738","4,000",56% off,,FurnCentral
HomeBliss 14 to 32 Inch Fixed Wall Mount TV Stand Fixed...,131,399,67% off,,HomeBliss
Flipkart Perfect Homes Engineered Wood TV Entertainment...,"13,490","14,000",3% off,,Flipkart
NapCloud ZipNap 6 inch Double Memory Foam Mattress,"11,249","14,999",25% off,,NapCloud
Gymfy COLLAPSIBLE SHOE STAND Plastic Collapsible Shoe S...,999,"5,999",83% off,,Gymfy
Totsy Child Craft 6 Shelves Wardrobe Cotton Collapsible...,"1,299","2,199",40% off,,Totsy
Health Track Walker,999,"1,899",47% off,,Health
NapCloud ZipNap 6 inch Single Memory Foam Mattress,"10,499","13,999",25% off,,NapCloud
Furn Central Engineered Wood Study Table,"6,790","7,999",15% off,,Furn
"Skora High Quality , Imported , Round Shape Purple-Blac...","1,099","2,210",50% off,,Skora
Flipkart SmartBuy 6 + 2 Shelves 3 door 88130 Maroon Car...,"1,625","2,499",34% off,,Flipkart
Crystal Furnitech Botwin Engineered Wood Study Table,"7,090","9,777",27% off,,Crystal
"DazzelOn TV Wall Mount Bracket for Most 26-55 Inch LED,...","1,990","3,590",44% off,,DazzelOn
NapCloud ZipNap Plus 8 inch Queen Memory Foam Mattress,"14,624","19,499",25% off,,NapCloud
SleepX Dual Medium Soft & Hard 5 inch Single Bonded Foa...,"5,990","6,500",7% off,,SleepX
Furn Central Engineered Wood Study Table,"7,690","8,999",14% off,,Furn
TidyHomz Wood Portable Laptop Table,"1,199","1,900",36% off,,TidyHomz
NapCloud ZipNap 6 inch King Memory Foam Mattress,"14,999","19,999",25% off,,NapCloud
Flipkart Perfect Homes Stemar Engineered Wood Shoe Rack,"7,790","13,499",42% off,,Flipkart
Flipkart Perfect Homes Cole Small Shoe Rack,"4,190","5,099",17% off,,Flipkart
KITCHEN INDIA Foldable 4 layer Shoe Rack Plastic Collap...,270,590,54% off,,KITCHEN
Trendegic Stylish Portable Seating Pinakin Stool (Red) ...,749,"1,322",43% off,,Trendegic
"DazzelOn DZ 14 - 42 "" Fixed TV Mount",299,690,56% off,,DazzelOn
NapCloud ZipNap Plus 8 inch King Memory Foam Mattress,"16,499","21,999",25% off,,NapCloud
"DazzelOn DZ 14 - 42 "" Fixed TV Mount",299,690,56% off,,DazzelOn
"MX Heavy Duty Dual Arm LCD Monitor Stand 19 to 42"" 180 ...","1,215","1,967",38% off,,MX
FurnCentral Fabric Shoe Stand,"1,499","3,299",54% off,,FurnCentral
Flipkart Perfect Homes Rhea 4 inch Queen PU Foam Mattre...,"5,186","11,499",54% off,,Flipkart
TimberTaste Sheesham Wood Solid Wood Side Table,"5,690","7,675",25% off,,TimberTaste
Nilkamal Freedom Mini Small (FMS) Plastic Free Standing...,"1,990","2,430",18% off,,Nilkamal
Flipkart SmartBuy FK2411S Full Motion TV Mount,549,"2,199",75% off,,Flipkart
India Furnish XXXL Tear Drop  (Without Beans),799,"1,999",60% off,,India
Flipkart Perfect Homes Julian 3 Door Wardrobe,"9,990","13,799",27% off,,Flipkart
Flipkart Perfect Homes Rhea 4 inch Single PU Foam Mattr...,"3,334","6,699",50% off,,Flipkart
Aristo Plastic Free Standing Cabinet,"1,180","1,640",28% off,,Aristo
LIMETRO STEEL Metal Shoe Stand,998,"1,499",33% off,,LIMETRO
Tidyhomz Wood Portable Laptop Table,"1,399","2,000",30% off,,Tidyhomz
NapCloud SmartNap 4 inch King High Resilience (HR) Foam...,"9,749","12,999",25% off,,NapCloud
Flipkart Perfect Homes Sirena TV Entertainment Unit,"6,490","9,499",31% off,,Flipkart
HomeTown Engineered Wood Shoe Rack,"6,590","14,900",55% off,,HomeTown
Flipkart Perfect Homes Webster TV Entertainment Unit,"13,490","19,599",31% off,,Flipkart
RoyalOak Engineered Wood Shoe Rack,"4,190","7,900",46% off,,RoyalOak
Flipkart Perfect Homes Medley Engineered Wood Queen Hyd...,"16,190","24,549",34% off,,Flipkart
NapCloud ZipNap 6 inch Double Memory Foam Mattress,"11,249","14,999",25% off,,NapCloud
Joyful Plastic Free Standing Chest of Drawers,"1,349","2,155",37% off,,Joyful
Joyful Plastic Free Standing Chest of Drawers,"1,950","3,110",37% off,,Joyful
Captiver Mars Bed Wood Portable Laptop Table,"1,249","2,099",40% off,,Captiver
NapCloud ZipNap 6 inch Single Memory Foam Mattress,"10,499","13,999",25% off,,NapCloud
Flipkart Perfect Homes PureWood Sheesham Book Shelf,"13,490","22,877",41% off,,Flipkart
Flipkart Perfect Homes Luzon Metal 6 Seater Dining Set,"17,990","19,999",10% off,,Flipkart
CMerchants CABINET 5LAYER Metal Collapsible Shoe Stand,580,"1,999",70% off,,CMerchants
Flipkart Perfect Homes PureWood Sheesham Coffee Table,"7,890","16,314",51% off,,Flipkart
LIMETRO STEEL High Quality Stainless Stainless 4 Self S...,"1,498","2,499",40% off,,LIMETRO
NapCloud ZipNap Plus 8 inch Queen Memory Foam Mattress,"14,624","19,499",25% off,,NapCloud
FurnCentral Wood Portable Laptop Table,"1,249","1,798",30% off,,FurnCentral
Snazzy (Extra Large) Wood Portable Laptop Table,"1,499","1,999",25% off,,Snazzy
Flipkart Perfect Homes Carol Engineered Wood King Bed,"11,890","16,999",30% off,,Flipkart
NapCloud ZipNap 6 inch King Memory Foam Mattress,"14,999","19,999",25% off,,NapCloud
Karmax Wood Portable Laptop Table,"1,699","2,499",32% off,,Karmax
"Gymfy Plastic, Metal Collapsible Shoe Stand","1,249","3,999",68% off,,Gymfy
Flipkart Perfect Homes Iris Therapedic 6 inch Queen Bon...,"9,790","18,999",48% off,,Flipkart
Flipkart Perfect Homes PureWood Sheesham Coffee Table,"7,790","13,859",43% off,,Flipkart
Flipkart SmartBuy Metal Collapsible Shoe Stand,699,799,12% off,,Flipkart
NapCloud ZipNap Plus 8 inch King Memory Foam Mattress,"16,499","21,999",25% off,,NapCloud
LIMETRO STEEL Metal Shoe Stand,"1,499","2,499",40% off,,LIMETRO
MemeHO Normal Wood Wood Portable Laptop Table,999,"1,499",33% off,,MemeHO
Flipkart Perfect Homes Studio Wood Portable Laptop Tabl...,799,"1,499",46% off,,Flipkart
Flipkart Perfect Homes Rhea 4 inch Queen PU Foam Mattre...,"5,186","11,499",54% off,,Flipkart
Furniture Mind Victory Solid Wood Shoe Rack,"9,090","17,550",48% off,,Furniture
"PetNest Mini Budgie , Breeding Box and Nest with Perch ...",175,350,50% off,,PetNest
Flipkart Perfect Homes Studio 2 Door 6 Shelf PP Collaps...,"1,549","3,699",58% off,,Flipkart
Snazzy Portable Standing Wood Portable Laptop Table,"1,249","1,599",21% off,,Snazzy
Maison & Cuisine 88130 Grey PP Collapsible Wardrobe,"1,549","2,799",44% off,,Maison
Flipkart Perfect Homes Rhea 4 inch Single PU Foam Mattr...,"3,334","6,699",50% off,,Flipkart
HomeTown Riveria Engineered Wood Shoe Rack,"4,690","8,000",41% off,,HomeTown
Crystal Furnitech Orion Engineered Wood Office Table,"8,990","10,330",12% off,,Crystal
7CR Multi+KH-10 (WB) Engineered Wood Display Unit,696,"2,999",76% off,,7CR
NapCloud SmartNap 4 inch King High Resilience (HR) Foam...,"9,749","12,999",25% off,,NapCloud
FurnCentral Engineered Wood Portable Laptop Table,899,"1,798",50% off,,FurnCentral
TidyHomz Wood Portable Laptop Table,"1,299","1,900",31% off,,TidyHomz
Flipkart Perfect Homes Carol Engineered Wood Queen Bed,"9,490","13,999",32% off,,Flipkart
FurnCentral Fabric Shoe Stand,"1,799","3,299",45% off,,FurnCentral
Tarkan Stud Foldable Wooden Mini Desk Wood Portable Lap...,799,"1,499",46% off,,Tarkan
NapCloud ZipNap 6 inch Double Memory Foam Mattress,"11,249","14,999",25% off,,NapCloud
FurnCentral Metal Kitchen Cabinet,"1,299","2,199",40% off,,FurnCentral
Flipkart Perfect Homes Julian Engineered Wood 3 Door Wa...,"9,990","13,790",27% off,,Flipkart
VDNSI Stainless Steel 4 Layer Onion Potato Stand for Ki...,"1,749","2,400",27% off,,VDNSI
NapCloud ZipNap 6 inch Single Memory Foam Mattress,"10,499","13,999",25% off,,NapCloud
Home Full Engineered Wood TV Entertainment Unit,"6,990","13,000",46% off,,Home
Kkriya Maarketing Adult Cotton Swing,"2,799","5,000",44% off,,Kkriya
Royaldeals Wardrobe 88130 3 Door PP (Polypropylene) Col...,"1,349","2,000",32% off,,Royaldeals
Flipkart Perfect Homes Julian Engineered Wood 4 Door Wa...,"13,990","20,999",33% off,,Flipkart
Home Full Engineered Wood TV Entertainment Unit,"4,190","8,000",47% off,,Home
NapCloud ZipNap Plus 8 inch Queen Memory Foam Mattress,"14,624","19,499",25% off,,NapCloud
VSK XXXL Tear Drop  (Without Beans),899,"1,999",55% off,,VSK
Sasimo 1-Door 9-Shelf Fabric Metal Collapsible Shoe Sta...,"1,199","5,999",80% off,,Sasimo
MemeHO Blue Wood Portable Laptop Table,999,"1,499",33% off,,MemeHO
NapCloud ZipNap 6 inch King Memory Foam Mattress,"14,999","19,999",25% off,,NapCloud
Nilkamal Aspen Solid Wood Coffee Table,"3,690","3,700",Nan,,Nilkamal
CbeeSo CB360BR Carbon Steel Collapsible Wardrobe,"2,499","3,800",34% off,,CbeeSo
RoyalOak Kingston Engineered Wood Queen Hydraulic Bed,"17,690","40,000",55% off,,RoyalOak
Blendia HIGH QUALITY 6 WAY 32 TO 44 TV WALL MOUNT FOE L...,"1,999","2,999",33% off,,Blendia
LIMETRO STEEL Stainless Steel High Quality 4 Self With ...,"1,588","2,499",36% off,,LIMETRO
NapCloud ZipNap Plus 8 inch King Memory Foam Mattress,"16,499","21,999",25% off,,NapCloud
hOMEBLISS HB2001 Tilt TV Mount,127,449,71% off,,hOMEBLISS
Deals Destination Universal Wall Mount Stand For 14 inc...,199,NaN,Nan,,Deals
Flipkart Perfect Homes Zouk TV Entertainment Unit,"4,290","5,799",26% off,,Flipkart
Flipkart Perfect Homes Rhea 4 inch Queen PU Foam Mattre...,"5,186","11,499",54% off,,Flipkart
Flipkart SmartBuy PP Collapsible Wardrobe,"1,599","2,599",38% off,,Flipkart
Flipkart Perfect Homes Paradiso Engineered Wood TV Ente...,"12,790","20,999",39% off,,Flipkart
Princeware Maria Trolley Plastic Kitchen Trolley,407,437,6% off,,Princeware
Royaldeals active PP (Polypropylene) Collapsible Wardro...,"1,349","2,022",33% off,,Royaldeals
Flipkart Perfect Homes Studio 2 Door 6 Shelf PP Collaps...,"1,599","3,699",56% off,,Flipkart
Flipkart Perfect Homes Rhea 4 inch Single PU Foam Mattr...,"3,334","6,699",50% off,,Flipkart
DNS Metal Shoe Rack,"9,399","9,500",1% off,,DNS
Sasimo 1-Door 9-Shelf Fabric Metal Collapsible Shoe Sta...,"1,249","5,999",79% off,,Sasimo
Spacewood Engineered Wood Queen Hydraulic Bed,"21,890","33,988",35% off,,Spacewood
NapCloud SmartNap 4 inch King High Resilience (HR) Foam...,"9,749","12,999",25% off,,NapCloud
Joyo Square PP (Polypropylene) Kitchen Trolley,905,"1,129",19% off,,Joyo
Mezire PP Collapsible Wardrobe,"1,699","1,999",15% off,,Mezire
Flipkart Perfect Homes Luzon Metal 4 Seater Dining Set,"14,290","15,499",7% off,,Flipkart
Flipkart Perfect Homes Kalypso Engineered Wood TV Enter...,"11,790","20,999",43% off,,Flipkart
NAKODA Plastic Free Standing Chest of Drawers,"1,249","1,964",36% off,,NAKODA
NapCloud ZipNap 6 inch Double Memory Foam Mattress,"11,249","14,999",25% off,,NapCloud
Cello Orchid Plastic Coffee Table,879,945,6% off,,Cello
Slim Shine Solid Wood Study Table,799,"1,399",42% off,,Slim
BSBDA Cotton Swing Jhula For Kids Cotton Swing,449,999,55% off,,BSBDA
NapCloud ZipNap 6 inch Single Memory Foam Mattress,"10,499","13,999",25% off,,NapCloud
FurnCentral Metal Shoe Stand,684,999,31% off,,FurnCentral
NAKODA Plastic Free Standing Chest of Drawers,"1,249","1,964",36% off,,NAKODA
FurnCentral Metal Kitchen Cabinet,"1,579","2,999",47% off,,FurnCentral
Woodness Engineered Wood Shoe Rack,"4,190","12,400",66% off,,Woodness
Spacewood Engineered Wood King Hydraulic Bed,"24,890","45,723",45% off,,Spacewood
NapCloud ZipNap Plus 8 inch Queen Memory Foam Mattress,"14,624","19,499",25% off,,NapCloud
Nilkamal Freedom Mini Large (FML) Plastic Free Standing...,"6,390","7,130",10% off,,Nilkamal
FurnCentral Fabric Shoe Stand,"1,499","1,999",25% off,,FurnCentral
Raj SmartBuy 4 Tiers Metal Shoe Stand,420,"1,699",75% off,,Raj
NapCloud ZipNap 6 inch King Memory Foam Mattress,"14,999","19,999",25% off,,NapCloud
Flipkart Perfect Homes Carol Queen Bed,"9,490","13,999",32% off,,Flipkart
Flipzon Iron and Plastic Foldable Shoe Rack with 4 Shel...,242,999,75% off,,Flipzon
FurnCentral Fabric Shoe Stand,"1,094","3,199",65% off,,FurnCentral
FurnitureKraft Caen Double Metal Sofa Bed,"17,990","26,399",31% off,,FurnitureKraft
Sliceter SLICETER Baby Boy's and Girl's Study & Play Wo...,505,"1,499",66% off,,Sliceter
NapCloud ZipNap Plus 8 inch King Memory Foam Mattress,"16,499","21,999",25% off,,NapCloud
Flipkart Perfect Homes Studio 2 Door Metal Collapsible ...,"1,499","3,299",54% off,,Flipkart
Valtos Engineered Wood Shoe Rack,"5,790","12,000",51% off,,Valtos
SleepX Ortho Memory Foam 5 inch King Bonded Foam Mattre...,"19,590","20,042",2% off,,SleepX
Flipkart Perfect Homes Rhea 4 inch Queen PU Foam Mattre...,"5,186","11,499",54% off,,Flipkart
Nilkamal Plastic Wall Mount Cabinet,"1,799","2,050",12% off,,Nilkamal
ORKA XXXL Tear Drop  (Without Beans),699,899,22% off,,ORKA
Woodness Engineered Wood Shoe Rack,"8,790","16,000",45% off,,Woodness
Flipkart Perfect Homes Cadence Engineered Wood Queen Bo...,"18,990","25,999",26% off,,Flipkart
Bluwings Teddy Inflatable Sofa PVC 1 Seater Inflatable ...,904,"1,409",35% off,,Bluwings
Flipkart Perfect Homes Rhea 4 inch Single PU Foam Mattr...,"3,334","6,699",50% off,,Flipkart
Saffron Art and Craft Sheesham Wood Solid Wood King Bed,"25,990","41,998",38% off,,Saffron
Flipkart Perfect Homes Symphony Engineered Wood Queen B...,"14,390","21,549",33% off,,Flipkart
Flipkart Perfect Homes Julian Engineered Wood 4 Door Wa...,"13,990","20,999",33% off,,Flipkart
NapCloud SmartNap 4 inch King High Resilience (HR) Foam...,"9,749","12,999",25% off,,NapCloud
Nayasa Stool,"1,284","1,999",35% off,,Nayasa
@home by Nilkamal Checkers Engineered Wood Open Book Sh...,"4,690","7,900",40% off,,@home
Sasimo 1-Door 4-Shelf Fabric Metal Collapsible Shoe Sta...,649,"4,999",87% off,,Sasimo
CMerchants 5-L-SHOE-RACK Metal Collapsible Shoe Stand,649,"1,999",67% off,,CMerchants
Sliceter SLICETER Baby Boy's and Girl's Study & Play Wo...,505,"1,499",66% off,,Sliceter
NapCloud ZipNap 6 inch Double Memory Foam Mattress,"11,249","14,999",25% off,,NapCloud
Zyma Heavy Duty Full Motion Bracket Articulating Tilt S...,699,"1,499",53% off,,Zyma
DDice MS 0002 Fixed TV Mount,150,399,62% off,,DDice
FU4 32 TO 70 LCD/ LED/ PLASMA TV WALL MOUNT STAND 180 D...,"2,599","3,999",35% off,,FU4
NapCloud ZipNap 6 inch Single Memory Foam Mattress,"10,499","13,999",25% off,,NapCloud
FurnitureKraft  Lucerne Metal King Hydraulic Bed,"20,690","36,180",42% off,,FurnitureKraft
Zeom c88130/HCX 88130 PP Collapsible Wardrobe,"1,497","2,499",40% off,,Zeom
Mezire PP Collapsible Wardrobe,"1,497","1,999",25% off,,Mezire
Flipkart Perfect Homes Stemar Engineered Wood Shoe Rack,"6,890","11,299",39% off,,Flipkart
STC Metal Bar Stool,"2,399","4,700",48% off,,STC
NapCloud ZipNap Plus 8 inch Queen Memory Foam Mattress,"14,624","19,499",25% off,,NapCloud
Gkamp 9 Layer Shoe Rack Metal Collapsible Shoe Stand,"1,169","3,000",61% off,,Gkamp
Joyful Plastic Free Standing Chest of Drawers,"1,320","2,155",38% off,,Joyful
Flipkart Perfect Homes Songo Solid Wood King Bed,"13,090","23,299",43% off,,Flipkart
NapCloud ZipNap 6 inch King Memory Foam Mattress,"14,999","19,999",25% off,,NapCloud
AKR DESIGNER FOLDABLE MULTI PURPOSE VELVET STORAGE STOO...,420,899,53% off,,AKR
Tender Care Multi-Purpose Writing Table Cum Study Table...,990,"1,999",50% off,,Tender
CMerchants 3 RACKS KITCHEN CABINET Metal Kitchen Cabine...,590,"1,499",60% off,,CMerchants
CAPITAL Universal tv Fixed TV Mount,299,999,70% off,,CAPITAL
FKU UNIVERSAL DUAL ARM LCD MONITOR STAND 14 TO 46 INCH ...,799,"1,999",60% off,,FKU
NapCloud ZipNap Plus 8 inch King Memory Foam Mattress,"16,499","21,999",25% off,,NapCloud
Mil-Nil MILNIL36122B Luggage Rack,"5,800","5,875",1% off,,Mil-Nil
"INDISWAN Gas Cylinder Trolley with Rollers, Stainless S...",348,499,30% off,,INDISWAN
RoyalOak Opel Engineered Wood Dressing Table,"9,890","14,321",30% off,,RoyalOak
Flipkart Perfect Homes Rhea 4 inch Queen PU Foam Mattre...,"5,186","11,499",54% off,,Flipkart
Gkamp 9 Layer Shoe Rack Metal Collapsible Shoe Stand,"1,299","3,000",56% off,,Gkamp
Flipkart Perfect Homes Liwa Engineered Wood Bedside Tab...,"3,290","4,499",26% off,,Flipkart
NAKODA Plastic Free Standing Chest of Drawers,"1,190","1,964",39% off,,NAKODA
FurnCentral Metal Display Unit,699,"1,199",41% off,,FurnCentral
BLENDIA P4 6 Way Swivel Tilt Wall Mount 32-55-inch Full...,"1,799","2,499",28% off,,BLENDIA
Flipkart Perfect Homes Rhea 4 inch Single PU Foam Mattr...,"3,334","6,699",50% off,,Flipkart
Ebee Metal Collapsible Shoe Stand,548,"1,499",63% off,,Ebee
Flipkart Perfect Homes Riobo Engineered Wood TV Enterta...,"4,690","6,999",32% off,,Flipkart
LuvLap Plastic Desk Chair,"3,999","4,995",19% off,,LuvLap
NapCloud SmartNap 4 inch King High Resilience (HR) Foam...,"9,749","12,999",25% off,,NapCloud
Shopper52 6 Layer Storage Cum Shoe Rack with Cover Shoe...,899,"3,000",70% off,,Shopper52
AVRO furniture PLATINUM RATTAN CHAIR (Set Of 4 Chairs) ...,"3,499",NaN,Nan,,AVRO
7CR OM Shine-2127 Solid Wood Home Temple,632,"1,899",66% off,,7CR
Blendia UNIVERSAL FULL MOTION LCD /LED PLASMA TV STAND ...,"1,499","1,999",25% off,,Blendia
Woodness Aster Solid Wood 2 Seater,"5,090","14,300",64% off,,Woodness
NapCloud ZipNap 6 inch Double Memory Foam Mattress,"11,249","14,999",25% off,,NapCloud
Snazzy foldable laptop table for bed Wood Portable Lapt...,"1,249","1,999",37% off,,Snazzy
Furn Central Engineered Wood Study Table,"8,290","8,999",7% off,,Furn
Kaupa Portable Foldable Wood Portable Laptop Table,"1,235","2,400",48% off,,Kaupa
NapCloud ZipNap 6 inch Single Memory Foam Mattress,"10,499","13,999",25% off,,NapCloud
Woodness Engineered Wood Shoe Rack,"4,190","13,000",67% off,,Woodness
Spacewood Engineered Wood Dressing Table,"10,990","16,299",32% off,,Spacewood
DNS Metal Shoe Rack,"6,600","6,800",2% off,,DNS
Spacewood Mayflower Engineered Wood Queen Box Bed,"17,190","31,140",44% off,,Spacewood
Princeware Sofia Plastic Kitchen Trolley,788,960,17% off,,Princeware
NapCloud ZipNap Plus 8 inch Queen Memory Foam Mattress,"14,624","19,499",25% off,,NapCloud
"Smart Shelter ss 32"" swivel type lcd stand Full Motion ...",999,"1,650",39% off,,Smart
Furn Central PVC (Polyvinyl Chloride) 2 Seater Inflatab...,"2,599","6,999",62% off,,Furn
Flipkart SmartBuy FK2464L Full Motion TV Mount,"1,119","1,699",34% off,,Flipkart
NapCloud ZipNap 6 inch King Memory Foam Mattress,"14,999","19,999",25% off,,NapCloud
Induscraft Sheesham Wood Solid Wood Bar Trolley,"4,790","6,838",29% off,,Induscraft
Woodness Lily Solid Wood Queen Bed,"13,790","38,500",64% off,,Woodness
FurnitureKraft Caen Double Metal Sofa Bed,"17,990","26,399",31% off,,FurnitureKraft
FurnCentral PP (Polypropylene) Collapsible Wardrobe,"1,969","4,000",50% off,,FurnCentral
CMerchants OPEN METAL SHELF-5RACKS STAND Metal Collapsi...,499,999,50% off,,CMerchants
NapCloud ZipNap Plus 8 inch King Memory Foam Mattress,"16,499","21,999",25% off,,NapCloud
Nilkamal Gem Mirror Plastic Wall Mount Cabinet,"1,799","2,050",12% off,,Nilkamal
Home Full Engineered Wood TV Entertainment Unit,"7,190","14,000",48% off,,Home
Flipkart Perfect Homes PureWood Sheesham Coffee Table,"14,390","25,716",44% off,,Flipkart
Flipkart Perfect Homes Rhea 4 inch Queen PU Foam Mattre...,"5,186","11,499",54% off,,Flipkart
Cello Plastic Shoe Rack,"4,370","4,600",5% off,,Cello
"Flanker Foldable, Multipurpose Wood Portable Laptop Tab...","1,235","1,699",27% off,,Flanker
Flipkart Perfect Homes Engineered Wood Kitchen Cabinet,"9,890","13,999",29% off,,Flipkart
Crystal Furnitech Engineered Wood Corner Table,"2,890","3,822",24% off,,Crystal
VSK XXL Tear Drop  (Without Beans),699,"2,099",66% off,,VSK
Flipkart Perfect Homes Rhea 4 inch Single PU Foam Mattr...,"3,334","6,699",50% off,,Flipkart
Unique Traders 4 Layer Kitchen Space Saving Storage Rac...,799,999,20% off,,Unique
Cello Novelty Large Plastic Cupboard,"6,790","7,381",8% off,,Cello
Flipkart SmartBuy FK2268S Tilt TV Mount,939,"1,499",37% off,,Flipkart
NapCloud SmartNap 4 inch King High Resilience (HR) Foam...,"9,749","12,999",25% off,,NapCloud
@home by Nilkamal Astero Engineered Wood TV Entertainme...,"4,890","7,500",34% off,,@home
FurnCentral Wood Portable Laptop Table,"1,249","1,998",37% off,,FurnCentral
Ebee Metal Shoe Stand,699,999,30% off,,Ebee
Woodness Engineered Wood Semi-Open Book Shelf,"9,590","17,400",44% off,,Woodness
Zuari by Forte Harare Engineered Wood Study Table,"7,998",NaN,Nan,,Zuari
NapCloud ZipNap 6 inch Double Memory Foam Mattress,"11,249","14,999",25% off,,NapCloud
Sasimo 1-Door 6-Shelf Fabric Metal Collapsible Shoe Sta...,999,"4,899",79% off,,Sasimo
Cello Novelty Big Plastic Free Standing Chest of Drawer...,"4,890","5,404",9% off,,Cello
Joyful Plastic Free Standing Chest of Drawers,"1,329","2,155",38% off,,Joyful
NapCloud ZipNap 6 inch Single Memory Foam Mattress,"10,499","13,999",25% off,,NapCloud
Springtek 3 Folding/Travel Mattress 4 inch Queen PU Foa...,"5,990","8,499",29% off,,Springtek
FurnCentral Metal Shoe Stand,809,"1,199",32% off,,FurnCentral
Continental 4+1+1 Layer Fancy PP (Polypropylene) Collap...,"1,231","3,500",64% off,,Continental
7CR Prime Temple - 3 Step (WB) Engineered Wood Home Tem...,891,"2,490",64% off,,7CR
Klaxon Plastic Shoe Stand,499,998,50% off,,Klaxon
NapCloud ZipNap Plus 8 inch Queen Memory Foam Mattress,"14,624","19,499",25% off,,NapCloud
Spacewood Engineered Wood King Hydraulic Bed,"29,590","46,585",36% off,,Spacewood
"ROQ Ultra Slim LCD LED TV Wall Mount Stand 14"" to 42"" i...",279,999,72% off,,ROQ
Spacewood Apex Engineered Wood 3 Door Wardrobe,"18,490","28,961",36% off,,Spacewood
NapCloud ZipNap 6 inch King Memory Foam Mattress,"14,999","19,999",25% off,,NapCloud
DNS Metal Shoe Rack,"6,600","6,800",2% off,,DNS
SleepX Ortho Memory Foam 5 inch Single Bonded Foam Matt...,"8,390","9,250",9% off,,SleepX
Flipkart Perfect Homes Opus Engineered Wood Queen Box B...,"11,490","18,999",39% off,,Flipkart
Gkamp 12 Shelf Plastic Collapsible Shoe Stand,"2,699","4,000",32% off,,Gkamp
Springtek Dual Comfort Orthopaedic 6 inch King PU Foam ...,"11,790","16,199",27% off,,Springtek
NapCloud ZipNap Plus 8 inch King Memory Foam Mattress,"16,499","21,999",25% off,,NapCloud
Ebee Metal Collapsible Shoe Stand,899,"2,499",64% off,,Ebee
Flipkart SmartBuy XXL Classic Bean Bag  With Bean Filli...,"1,999","3,299",39% off,,Flipkart
Nilkamal Edwina 01 Engineered Wood Queen Bed,"12,690","16,000",20% off,,Nilkamal
Flipkart Perfect Homes Rhea 4 inch Queen PU Foam Mattre...,"5,186","11,499",54% off,,Flipkart
Sasimo 1-Door 6-Shelf Fabric Collapsible Carbon Steel C...,899,"5,999",85% off,,Sasimo
Flipkart Perfect Homes Lyre Engineered Wood Bedside Tab...,"2,990","2,999",Nan,,Flipkart
Joyful Plastic Free Standing Chest of Drawers,"1,799","3,130",42% off,,Joyful
FurnCentral Plastic Shoe Stand,"1,046","2,499",58% off,,FurnCentral
Flipkart Perfect Homes Legato Solid Wood Free Standing ...,"13,390","22,499",40% off,,Flipkart
Flipkart Perfect Homes Rhea 4 inch Single PU Foam Mattr...,"3,334","6,699",50% off,,Flipkart
"Velzone LCD LED TVs Wall Mount Stand 14"" to 42"" inch Br...",130,199,34% off,,Velzone
Patelraj Metal Open Book Shelf,499,"1,599",68% off,,Patelraj
Spacewood Engineered Wood Queen Hydraulic Bed,"24,390","40,511",39% off,,Spacewood
NapCloud SmartNap 4 inch King High Resilience (HR) Foam...,"9,749","12,999",25% off,,NapCloud
Ebee Metal Collapsible Shoe Stand,548,999,45% off,,Ebee
RoyalOak Stacy Solid Wood Coffee Table,"4,490","10,000",55% off,,RoyalOak
DazzelOn 26-52 Inches LED LED Plasma Universal TV Brack...,429,999,57% off,,DazzelOn
Flipkart Perfect Homes Julian Engineered Wood 2 Door Wa...,"6,990","10,499",33% off,,Flipkart
Nakoda Plastic Free Standing Chest of Drawers,999,"1,249",20% off,,Nakoda
NapCloud ZipNap 6 inch Double Memory Foam Mattress,"11,249","14,999",25% off,,NapCloud
Spacewood Engineered Wood TV Entertainment Unit,"5,890","7,591",22% off,,Spacewood
Flipzon Laptop Table Wood Portable Laptop Table,848,"1,499",43% off,,Flipzon
Mezire PP Collapsible Wardrobe,"1,480","1,999",25% off,,Mezire
NapCloud ZipNap 6 inch Single Memory Foam Mattress,"10,499","13,999",25% off,,NapCloud
Karmax Wood Portable Laptop Table,"1,699","2,499",32% off,,Karmax
SLEEP SPA ORTHOPAEDIC DUAL COMFORT MATTRESS- HARD & SOF...,"6,790","16,266",58% off,,SLEEP
Crystal Furnitech Elfin Engineered Wood Dressing Table,"9,590","12,343",22% off,,Crystal
"MX Heavy Duty Dual Arm LCD Monitor Stand 14 to 27"" inch...",899,"1,144",21% off,,MX
Flipkart Perfect Homes PureWood Sheesham King Box Bed,"39,290","60,118",34% off,,Flipkart
NapCloud ZipNap Plus 8 inch Queen Memory Foam Mattress,"14,624","19,499",25% off,,NapCloud
COMFORT BEAN BAGS XXXL Chair  (Without Beans),899,"2,499",64% off,,COMFORT
Flipkart Perfect Homes Liwa Engineered Wood Queen Box B...,"12,690","19,499",34% off,,Flipkart
Valtos Engineered Wood Study Table,"7,190","12,999",44% off,,Valtos
NapCloud ZipNap 6 inch King Memory Foam Mattress,"14,999","19,999",25% off,,NapCloud
Sasimo 1-Door 6-Shelf Fabric Metal Collapsible Shoe Sta...,999,"2,599",61% off,,Sasimo
Flipkart Perfect Homes Studio 3 Door 8 Shelf PP Collaps...,"1,899","3,999",52% off,,Flipkart
nakoda Plastic Free Standing Chest of Drawers,970,"1,500",35% off,,nakoda
Flipkart SmartBuy PP Collapsible Wardrobe,"1,599","2,599",38% off,,Flipkart
DNS Metal Shoe Rack,"6,600","6,800",2% off,,DNS
NapCloud ZipNap Plus 8 inch King Memory Foam Mattress,"16,499","21,999",25% off,,NapCloud
Deepakraj Metal Shoe Stand,449,"1,599",71% off,,Deepakraj
AARTIN Table Magic Brown Metal Portable Laptop Table,"1,080","1,990",45% off,,AARTIN
AVRO furniture NEXA DINING/OFFICE TABLE RATTAN Plastic ...,"1,899","1,999",5% off,,AVRO
Flipkart Perfect Homes Rhea 4 inch Queen PU Foam Mattre...,"5,186","11,499",54% off,,Flipkart
Flipkart Perfect Homes Lavo Engineered Wood TV Entertai...,"6,590","11,299",41% off,,Flipkart
Benesta Metal Shoe Stand,599,"1,799",66% off,,Benesta
Karmax Wood Portable Laptop Table,"1,699","2,499",32% off,,Karmax
Flipkart Perfect Homes Studio 2 Door 4 Shelf PP Collaps...,"1,399","2,999",53% off,,Flipkart
FurnCentral Metal Shoe Stand,764,"1,199",36% off,,FurnCentral
Flipkart Perfect Homes Rhea 4 inch Single PU Foam Mattr...,"3,334","6,699",50% off,,Flipkart
Flipkart Perfect Homes Iris Therapedic 6 inch King Bonn...,"11,190","20,999",46% off,,Flipkart
Grayplast Cargo 4 pull out chest of drawer Plastic Free...,"2,469","3,499",29% off,,Grayplast
FurnCentral 2 Door PP (Polypropylene) Collapsible Wardr...,"1,599","4,000",60% off,,FurnCentral
NapCloud SmartNap 4 inch King High Resilience (HR) Foam...,"9,749","12,999",25% off,,NapCloud
Smart Shelter foldable floor stand Full Motion TV Mount,"4,499","6,999",35% off,,Smart
Captiver Vega2 Bed Wood Portable Laptop Table,"1,199","1,849",35% off,,Captiver
"MX Premium LCD LED TV Plasma Wall Mount Stand 32 to 55""...",608,"1,027",40% off,,MX
Ebee Metal Collapsible Shoe Stand,548,999,45% off,,Ebee
Ebee Metal Collapsible Shoe Stand,499,999,50% off,,Ebee
NapCloud ZipNap 6 inch Double Memory Foam Mattress,"11,249","14,999",25% off,,NapCloud
Flipkart Perfect Homes Julian Engineered Wood 2 Door Wa...,"6,990","10,499",33% off,,Flipkart
Spacewood Apex Engineered Wood 4 Door Wardrobe,"20,790","37,550",44% off,,Spacewood
Patelraj Metal Collapsible Shoe Stand,549,"2,199",75% off,,Patelraj
NapCloud ZipNap 6 inch Single Memory Foam Mattress,"10,499","13,999",25% off,,NapCloud
DNS Metal Shoe Rack,"6,600","6,800",2% off,,DNS
Patelraj Metal Shoe Stand,449,"1,099",59% off,,Patelraj
FurnCentral 2 Door PP (Polypropylene) Collapsible Wardr...,"1,799","4,200",57% off,,FurnCentral
PARASNATH 4 Tier Kitchen Storage Organiser Rack Holder ...,699,"2,999",76% off,,PARASNATH
Woodness Engineered Wood Semi-Open Book Shelf,"5,990","16,000",62% off,,Woodness
NapCloud ZipNap Plus 8 inch Queen Memory Foam Mattress,"14,624","19,499",25% off,,NapCloud
Cello Novelty Big Plastic Free Standing Chest of Drawer...,"5,390","5,730",5% off,,Cello
Flipkart Perfect Homes PureWood Mango Coffee Table,"9,590","14,527",33% off,,Flipkart
Flipkart Perfect Homes Studio Arden Engineered Wood Sho...,"3,590","7,899",54% off,,Flipkart
NapCloud ZipNap 6 inch King Memory Foam Mattress,"14,999","19,999",25% off,,NapCloud
Snazzy Light weight Wood Portable Laptop Table,"1,549","1,999",22% off,,Snazzy
Cello Novelty Compact Plastic Free Standing Cabinet,"2,590","2,657",2% off,,Cello
FineArts Combo of Steel Set Top Box Stand/DTH Stand/Set...,347,"1,999",82% off,,FineArts
Peps Springkoil Normal Top Blue 6 inch Queen Bonnell Sp...,"13,990","16,895",17% off,,Peps
Zyma Universal Wall Mount/Bracket Stand For 14 inch To ...,299,699,57% off,,Zyma
NapCloud ZipNap Plus 8 inch King Memory Foam Mattress,"16,499","21,999",25% off,,NapCloud
DNS Metal Shoe Rack,"8,399","8,500",1% off,,DNS
SleepX BRILL 5 inch Single PU Foam Mattress,"4,290","4,583",6% off,,SleepX
Zuari by Forte Valletta Engineered Wood Dressing Table,"8,490","17,998",52% off,,Zuari
Flipkart Perfect Homes Rhea 4 inch Queen PU Foam Mattre...,"5,186","11,499",54% off,,Flipkart
BROWNIE 72x36x4 4 inch Single Cotton Mattress,599,999,40% off,,BROWNIE
Mezire 5 in 1 PVC (Polyvinyl Chloride) 3 Seater Inflata...,"2,799","4,999",44% off,,Mezire
CMerchants BOOK SHELF-6RACK Metal Open Book Shelf,799,"1,999",60% off,,CMerchants
Home Full Bliss Engineered Wood TV Entertainment Unit,"7,890","10,999",28% off,,Home
Peps Springkoil Normal Top Blue 10 inch Queen Bonnell S...,"17,490","18,312",4% off,,Peps
Flipkart Perfect Homes Rhea 4 inch Single PU Foam Mattr...,"3,334","6,699",50% off,,Flipkart
Flipkart Perfect Homes Waltz Engineered Wood King Box B...,"16,690","22,999",27% off,,Flipkart
Flipkart Perfect Homes Rhea 4 inch Single PU Foam Mattr...,"3,490","5,699",38% off,,Flipkart
Joyful Plastic Free Standing Chest of Drawers,"1,349","2,155",37% off,,Joyful
NapCloud SmartNap 4 inch King High Resilience (HR) Foam...,"9,749","12,999",25% off,,NapCloud
Furn Central Engineered Wood Study Table,"8,890","9,999",11% off,,Furn
Flipkart Perfect Homes Solid Wood 4 Seater Dining Set,"20,790","29,999",30% off,,Flipkart
Flipkart Perfect Homes Rex Engineered Wood TV Entertain...,"7,990","11,699",31% off,,Flipkart
Flipkart Perfect Homes Tolkien Engineered Wood Open Boo...,"4,890","5,299",7% off,,Flipkart
Trendegic Foldable Luggage Trolly Metal Bar Trolley,"1,156","1,729",33% off,,Trendegic
NapCloud ZipNap 6 inch Double Memory Foam Mattress,"11,249","14,999",25% off,,NapCloud
DNS Metal Shoe Rack,"8,399","8,500",1% off,,DNS
Cello Novelty Compact Plastic Free Standing Cabinet,"2,790","2,800",Nan,,Cello
ReTrack 19Inch To 42Inch Plasma LED LCD Full Motion Ful...,799,"1,999",60% off,,ReTrack
NapCloud ZipNap 6 inch Single Memory Foam Mattress,"10,499","13,999",25% off,,NapCloud
Flipkart Perfect Homes Morpheus Therapedic 6 inch Queen...,"11,690","20,299",42% off,,Flipkart
NHR Plastic Desk Chair,"1,199","1,599",25% off,,NHR
DNS Metal Shoe Rack,"6,600","6,800",2% off,,DNS
Patelraj Solid Wood Portable Laptop Table,449,"1,199",62% off,,Patelraj
Crystal Furnitech Caelan Engineered Wood Crockery Cabin...,"12,990","15,432",15% off,,Crystal
NapCloud ZipNap Plus 8 inch Queen Memory Foam Mattress,"14,624","19,499",25% off,,NapCloud
Grayplast Small Size 3 Pull out Chest Of Drawers Plasti...,949,"2,599",63% off,,Grayplast
Gkamp 9 Layer Shoe Rack Metal Collapsible Shoe Stand,"1,299","3,000",56% off,,Gkamp
Flipkart Perfect Homes PureWood Mango TV Entertainment ...,"4,890","6,678",26% off,,Flipkart
NapCloud ZipNap 6 inch King Memory Foam Mattress,"14,999","19,999",25% off,,NapCloud
Flipkart Perfect Homes Sirena Engineered Wood TV Entert...,"6,490","9,999",35% off,,Flipkart
FurnitureKraft Baia Mare Metal Queen Bed,"8,690","10,215",14% off,,FurnitureKraft
Flipkart Perfect Homes Hayman Solid Wood 4 Seater Dinin...,"11,990","14,999",20% off,,Flipkart
Flipkart Perfect Homes Studio 2 Door 6 Shelf PP Collaps...,"1,599","3,699",56% off,,Flipkart
Nightstar Plastic Picnic Table,418,695,39% off,,Nightstar
NapCloud ZipNap Plus 8 inch King Memory Foam Mattress,"16,499","21,999",25% off,,NapCloud
"CMerchants 4-L MATEL COLLAPSIBLE-SHOE-STAND Metal, Plas...",535,"1,299",58% off,,CMerchants
Gkamp 5 Layer Shoe Rack Metal Collapsible Shoe Stand,749,"2,000",62% off,,Gkamp
Pooja CN 303 fixed tv mount Fixed TV Mount,221,799,72% off,,Pooja
Flipkart Perfect Homes Rhea 4 inch Queen PU Foam Mattre...,"5,186","11,499",54% off,,Flipkart
Nilkamal Chester 23 Plastic Free Standing Cabinet,"1,990","2,280",12% off,,Nilkamal
DNS Metal Shoe Rack,"8,399","8,500",1% off,,DNS
Flipkart Perfect Homes Julian Engineered Wood 4 Door Wa...,"13,990","20,999",33% off,,Flipkart
Sauran TV Stand 26-55 inch Heavy TV Wall Mount for LCD/...,425,"1,550",72% off,,Sauran
HomeTown Alex Engineered Wood Queen Box Bed,"16,990","42,500",60% off,,HomeTown
Flipkart Perfect Homes Rhea 4 inch Single PU Foam Mattr...,"3,334","6,699",50% off,,Flipkart
DNS Metal Shoe Rack,"6,600","6,800",2% off,,DNS
"capital Ultra Slim LCD LED TVs Wall Mount Stand 14"" to ...",299,499,40% off,,capital
Springtek Dreamer Bonnell 6 inch Queen Bonnell Spring M...,"9,790","14,999",34% off,,Springtek
NapCloud SmartNap 4 inch King High Resilience (HR) Foam...,"9,749","12,999",25% off,,NapCloud
BROWNIE 72x48x4 4 inch Double Cotton Mattress,699,"1,199",41% off,,BROWNIE
CMerchants OPEN METAL SHELF-4RACKS STAND Metal Collapsi...,449,899,50% off,,CMerchants
Klaxon Plastic Shoe Stand,999,"1,999",50% off,,Klaxon
Sauran 15 - 42 inch LED LCD Television Wall Mount Brack...,235,890,73% off,,Sauran
Delite Kom 20 Inches wide Three Door Powder Coated Wall...,"4,190","4,909",14% off,,Delite
NapCloud ZipNap 6 inch Double Memory Foam Mattress,"11,249","14,999",25% off,,NapCloud
Patelraj For Childrens Study Table Wood Portable Laptop...,449,999,55% off,,Patelraj
Trendegic Folding Step Stool Medium Living & Bedroom St...,521,855,39% off,,Trendegic
Karmax Solid wood Stool,"1,299","2,499",48% off,,Karmax
NapCloud ZipNap 6 inch Single Memory Foam Mattress,"10,499","13,999",25% off,,NapCloud
FurnCentral Metal Shoe Stand,549,699,21% off,,FurnCentral
Apex Metal Collapsible Shoe Stand,"1,049","2,788",62% off,,Apex
MTS Hanging Home Size(102CmX51CmX51Cm) Cotton Swing,499,"1,250",60% off,,MTS
Skull Table TABLE MATE Wood Portable Laptop Table,"1,599","1,999",20% off,,Skull
RoyalOak Opel Engineered Wood King Hydraulic Bed,"27,790","55,550",49% off,,RoyalOak
NapCloud ZipNap Plus 8 inch Queen Memory Foam Mattress,"14,624","19,499",25% off,,NapCloud
Anything & Everything Wood Portable Laptop Table,"1,118","1,999",44% off,,Anything
Unique Gadget Metal Collapsible Shoe Stand,"1,099","2,000",45% off,,Unique
Ebee Engineered Wood Shoe Stand,"1,599","4,000",60% off,,Ebee
NapCloud ZipNap 6 inch King Memory Foam Mattress,"14,999","19,999",25% off,,NapCloud
FurnCentral PP (Polypropylene) Collapsible Wardrobe,"1,918","4,200",54% off,,FurnCentral
CMerchants BOOK SHELF-5RACK Metal Open Book Shelf,699,"1,799",61% off,,CMerchants
Kkriya Home Decor B1 Cotton Swing,"2,799","3,999",30% off,,Kkriya
Joyo Plastic Activity Table,698,"1,040",32% off,,Joyo
Supreme Jazz for Home & Garden Plastic Outdoor Table,775,NaN,Nan,,Supreme
NapCloud ZipNap Plus 8 inch King Memory Foam Mattress,"16,499","21,999",25% off,,NapCloud
DNS Metal Shoe Rack,"8,399","8,500",1% off,,DNS
Gkamp 18 Shelf Plastic Collapsible Shoe Stand,"3,599","5,100",29% off,,Gkamp
FurnCentral Micro Fiber Collapsible Wardrobe,899,"3,199",71% off,,FurnCentral
Flipkart Perfect Homes Rhea 4 inch Queen PU Foam Mattre...,"5,186","11,499",54% off,,Flipkart
Dozzer Adjustable Folding Plastic Portable Laptop Table,"1,190","2,599",54% off,,Dozzer
FurnCentral Fabric Shoe Stand,899,"1,999",55% off,,FurnCentral
Tender Care Kids Study Table Chair Set (Green) Metal De...,748,"1,499",50% off,,Tender
Flipkart Perfect Homes Studio Metal Collapsible Shoe St...,599,745,19% off,,Flipkart
Kurlon Dream Sleep 6 inch King Bonnell Spring Mattress,"17,876",NaN,Nan,,Kurlon
Flipkart Perfect Homes Rhea 4 inch Single PU Foam Mattr...,"3,334","6,699",50% off,,Flipkart
FurnCentral Fabric Shoe Stand,"1,199","3,199",62% off,,FurnCentral
Peps Springkoil Normal Top Blue 6 inch Single Bonnell S...,"6,890","8,448",18% off,,Peps
Smart Shelter Premium Floor Fixed TV Mount,"7,443","8,000",6% off,,Smart
NapCloud SmartNap 4 inch King High Resilience (HR) Foam...,"9,749","12,999",25% off,,NapCloud
Sasimo 1-Door 6-Shelf Fabric Metal Collapsible Shoe Sta...,999,"5,999",83% off,,Sasimo
CMerchants Classic-Brown01-Stand Metal Collapsible Shoe...,499,"1,999",75% off,,CMerchants
FurnCentral Fabric Shoe Stand,"1,599","3,299",51% off,,FurnCentral
Nilkamal FMDR1C Plastic Free Standing Cabinet,"5,790","5,880",1% off,,Nilkamal
FurnCentral Wood Portable Laptop Table,"1,599","3,999",60% off,,FurnCentral
NapCloud ZipNap 6 inch Double Memory Foam Mattress,"11,249","14,999",25% off,,NapCloud
Nightstar Foldable Pinakin Stool Living & Bedroom Stool,748,"1,500",50% off,,Nightstar
New kaptan Easy 4 Plastic Free Standing Chest of Drawer...,"1,199","1,499",20% off,,New
Zahab Hifi Grey 12x16 Surface Mounting Medicine Cabinet,981,"2,499",60% off,,Zahab
NapCloud ZipNap 6 inch Single Memory Foam Mattress,"10,499","13,999",25% off,,NapCloud
Bey Bee Metal Chair,629,699,10% off,,Bey
Flipkart Perfect Homes Engineered Wood TV Entertainment...,"8,790","10,540",16% off,,Flipkart
FurnCentral Metal Kitchen Cabinet,"1,149","1,499",23% off,,FurnCentral
Flipkart Perfect Homes Rhapsody Engineered Wood King Bo...,"16,490","16,660",1% off,,Flipkart
Tidyhomz Wood Portable Laptop Table,999,"1,300",23% off,,Tidyhomz
NapCloud ZipNap Plus 8 inch Queen Memory Foam Mattress,"14,624","19,499",25% off,,NapCloud
"ROQ Heavy Duty Single Arm LCD Monitor Stand 32 To 70"" 1...","2,323","5,999",61% off,,ROQ
Ebee Metal Collapsible Shoe Stand,725,"1,699",57% off,,Ebee
"Smart Shelter TV Mount for Samsung, VU, LG, SONY, Micro...",999,"1,699",41% off,,Smart
NapCloud ZipNap 6 inch King Memory Foam Mattress,"14,999","19,999",25% off,,NapCloud
Gkamp 12 Shelf Plastic Collapsible Shoe Stand,"2,699","4,000",32% off,,Gkamp
Flipkart Perfect Homes Fraser Solid Wood 4 Seater Dinin...,"12,990","17,399",25% off,,Flipkart
Flipkart Perfect Homes Iris Therapedic 6 inch Double Bo...,"8,990","14,999",40% off,,Flipkart
Karmax Solid wood Stool,"1,199","2,499",52% off,,Karmax
FurnCentral Canvas Swing,979,"1,399",30% off,,FurnCentral
NapCloud ZipNap Plus 8 inch King Memory Foam Mattress,"16,499","21,999",25% off,,NapCloud
Tender Care 6 Shelve Baby Almirah/Toy Box(Red) PVC Coll...,"1,225","1,999",38% off,,Tender
RKBeanbag XXL Bean Chair Cover  (Without Beans),699,"1,999",65% off,,RKBeanbag
VATSMART ADJUSTABLE SHOE RACK FOR HOME/KITCHEN etc Plas...,299,899,66% off,,VATSMART
Flipkart Perfect Homes Rhea 4 inch Queen PU Foam Mattre...,"5,186","11,499",54% off,,Flipkart
Flipkart Perfect Homes Studio Metal Kitchen Cabinet,999,"2,199",54% off,,Flipkart
Kurlon Kurlo bond 5 inch King Coir Mattress,"17,490","17,595",Nan,,Kurlon
Nakoda Plastic Free Standing Chest of Drawers,"3,799","4,499",15% off,,Nakoda
"Wudore Foldable,Adjustable(Black legs) Plastic Portable...","1,335","1,999",33% off,,Wudore
Snazzy Wood Portable Laptop Table,"1,199","1,999",40% off,,Snazzy
Flipkart Perfect Homes Rhea 4 inch Single PU Foam Mattr...,"3,334","6,699",50% off,,Flipkart
Vidisa Foldable Stool Portable Travel Chair Four-Leg St...,399,699,42% off,,Vidisa
Flipkart Perfect Homes PureWood Sheesham Coffee Table,"8,890","14,527",38% off,,Flipkart
Tajpur Traders Stainless Steel Kitchen Trolley Steel Ki...,219,799,72% off,,Tajpur
NapCloud SmartNap 4 inch King High Resilience (HR) Foam...,"9,749","12,999",25% off,,NapCloud
Ebee Metal Shoe Stand,799,"1,199",33% off,,Ebee
Intex 58924 Portable Pool,375,733,48% off,,Intex
"Gymfy COLLAPSIBLE SHOE STAND Plastic, Metal Collapsible...",599,"1,299",53% off,,Gymfy
Flipkart Perfect Homes Webster Engineered Wood TV Enter...,"13,490","20,499",34% off,,Flipkart
Valtos Engineered Wood TV Entertainment Unit,"5,990","12,000",50% off,,Valtos
NapCloud ZipNap 6 inch Double Memory Foam Mattress,"11,249","14,999",25% off,,NapCloud
Zahab Style Ivory Single Door Mirror Surface Mounting M...,854,"1,999",57% off,,Zahab
Joyful STUDIO 5 XL BLUE Plastic Free Standing Chest of ...,"1,699","2,625",35% off,,Joyful
Ebee Micro Fiber Collapsible Wardrobe,"1,199","2,000",40% off,,Ebee
NapCloud ZipNap 6 inch Single Memory Foam Mattress,"10,499","13,999",25% off,,NapCloud
FurnCentral 2 Door PP (Polypropylene) Collapsible Wardr...,"1,599","4,200",61% off,,FurnCentral
AVRO furniture 7756 Matt and Gloss Set Of 2 Chairs WITH...,"1,799","1,999",10% off,,AVRO
Nilkamal Beaumont Engineered Wood TV Entertainment Unit,"7,290","7,600",4% off,,Nilkamal
Flipkart Perfect Homes Waltz Engineered Wood King Box B...,"16,690","20,999",20% off,,Flipkart
FurnCentral Fabric Shoe Stand,799,"2,999",73% off,,FurnCentral
NapCloud ZipNap Plus 8 inch Queen Memory Foam Mattress,"14,624","19,499",25% off,,NapCloud
Impulse Stainless Steel News Paper Holder - Wall Hangin...,599,"1,299",53% off,,Impulse
Flipkart Perfect Homes Studio 2 Door 4 Shelf PP Collaps...,"1,349","2,999",55% off,,Flipkart
Fashion Bizz Royal Rajasthan Round Shape Wooden Stool/C...,999,"2,999",66% off,,Fashion
NapCloud ZipNap 6 inch King Memory Foam Mattress,"14,999","19,999",25% off,,NapCloud
Flipkart Perfect Homes Stemar Engineered Wood Shoe Rack,"3,990","4,999",20% off,,Flipkart
OMSAIFAB DREAM Airsofa PVC 3 Seater Inflatable Sofa,"3,299","6,999",52% off,,OMSAIFAB
FU4 HEAVY DUTY 498 DUAL ARM LCD MONITOR STAND 19 TO 42....,"1,099","1,599",31% off,,FU4
"FAH Puppy & Rabbit Cage | ""18 Inch"" Sky Blue | Easy to ...","1,150","1,899",39% off,,FAH
FurnCentral Fabric Shoe Stand,993,"3,199",68% off,,FurnCentral
NapCloud ZipNap Plus 8 inch King Memory Foam Mattress,"16,499","21,999",25% off,,NapCloud
Urbancart Multi Purpose 5-Tier Plastic Trolley Cart/Sto...,"2,199","2,999",26% off,,Urbancart
Tidyhomz Wood Portable Laptop Table,999,"1,300",23% off,,Tidyhomz
Flipkart Perfect Homes Engineered Wood Close Book Shelf,"7,090","9,999",29% off,,Flipkart
Flipkart Perfect Homes Rhea 4 inch Queen PU Foam Mattre...,"5,186","11,499",54% off,,Flipkart
DNS Metal Shoe Rack,"6,600","6,800",2% off,,DNS
KEEKOS Metal Collapsible Shoe Stand,"1,249","3,999",68% off,,KEEKOS
Bluwings Plastic shoe rack Plastic Collapsible Shoe Sta...,409,"1,427",71% off,,Bluwings
Smart Shelter Ss32fixedlcdmount Fixed TV Mount,443,550,19% off,,Smart
RoyalOak Mercy Glass Coffee Table,"7,190","14,500",50% off,,RoyalOak
Flipkart Perfect Homes Rhea 4 inch Single PU Foam Mattr...,"3,334","6,699",50% off,,Flipkart
Online World New High Quality Wrought Iron Coat Rack Ha...,890,"2,299",61% off,,Online
"Blendia Heavy Duty Dual Arm LCD Monitor Stand 17 to 37""...","1,099","1,999",45% off,,Blendia
Diva N Diya COLLAPSIBLE SHOE STAND Plastic Collapsible ...,899,"4,999",82% off,,Diva
NapCloud SmartNap 4 inch King High Resilience (HR) Foam...,"9,749","12,999",25% off,,NapCloud
Divinext Metal Collapsible Shoe Stand,"1,554","1,999",22% off,,Divinext
"Wudore Foldable,Adjustable(Black legs) Plastic Portable...","1,339","1,999",33% off,,Wudore
Flipzon Baby 6 Shelve Unbreakable Material PVC Collapsi...,"1,099","2,999",63% off,,Flipzon
SUGANDHA Folding mattress 2 inch Single Cotton Mattress,750,"1,199",37% off,,SUGANDHA
Demelza Heavy Wall Mount Stand for 17 32-inch LCD LED T...,379,999,62% off,,Demelza
NapCloud ZipNap 6 inch Double Memory Foam Mattress,"11,249","14,999",25% off,,NapCloud
TOPHAVEN Plastic Shoe Stand,"1,249","2,399",47% off,,TOPHAVEN
VSK XXL Tear Drop  (Without Beans),699,"1,999",65% off,,VSK
DD RETAIL Iron Portable Multipurpose 4.1ft PVC Collapsi...,"1,619","6,000",73% off,,DD
NapCloud ZipNap 6 inch Single Memory Foam Mattress,"10,499","13,999",25% off,,NapCloud
FurnCentral Micro Fiber Collapsible Wardrobe,899,"3,199",71% off,,FurnCentral
LipiWorld Wall Mount Bracket Support to Flat Panel LCD ...,299,599,50% off,,LipiWorld
Flipkart Perfect Homes Avalon Engineered Wood TV Entert...,"13,990","20,999",33% off,,Flipkart
DNS Metal Shoe Rack,"8,399","8,500",1% off,,DNS
Gunj Jumbo Bean Chair Cover  (Without Beans),"1,799","3,999",55% off,,Gunj
NapCloud ZipNap Plus 8 inch Queen Memory Foam Mattress,"14,624","19,499",25% off,,NapCloud
BLENDIA Wall Mount Stand for 14 inch to 32 inch LCD & L...,399,699,42% off,,BLENDIA
Homevilla Adjustable 3 Step Shoe Slotz Storage Organize...,509,999,49% off,,Homevilla
Corslet 15 Inch Folding Stool Plastic Foldable Space Sa...,685,"1,000",31% off,,Corslet
NapCloud ZipNap 6 inch King Memory Foam Mattress,"14,999","19,999",25% off,,NapCloud
Flipkart Perfect Homes Carol Engineered Wood King Bed,"11,890","16,999",30% off,,Flipkart
FurnCentral Fabric Shoe Stand,993,"3,199",68% off,,FurnCentral
RISSACHI Super Heavy Duty TV Wall Mount Bracket for 14 ...,749,"1,499",50% off,,RISSACHI
Home Edge Sheesham Wood Solid Wood Open Book Shelf,"15,290","26,499",42% off,,Home
Slim Shine Solid Wood Study Table,649,"1,399",53% off,,Slim
NapCloud ZipNap Plus 8 inch King Memory Foam Mattress,"16,499","21,999",25% off,,NapCloud
Impulse High Grade Metal Wall Mount Magazine Holder/New...,499,999,50% off,,Impulse
Corporate Overseas Metal Shoe Stand,"1,199","2,099",42% off,,Corporate
Patelraj Book shelf and Metal Collapsible Shoe Stand,449,"1,099",59% off,,Patelraj
Flipkart Perfect Homes Rhea 4 inch Queen PU Foam Mattre...,"5,186","11,499",54% off,,Flipkart
@home by Nilkamal Glenn Engineered Wood Computer Desk,"5,390","7,900",31% off,,@home
Mezire PP Collapsible Wardrobe,"1,437","1,999",28% off,,Mezire
Patelraj Metal Open Book Shelf,499,"1,599",68% off,,Patelraj
"Gymfy Plastic, Metal Collapsible Shoe Stand",899,"1,599",43% off,,Gymfy
"ReTrack Ultra Slim LCD LED TV Wall Mount Stand 14"" to 4...",329,499,34% off,,ReTrack
Flipkart Perfect Homes Rhea 4 inch Single PU Foam Mattr...,"3,334","6,699",50% off,,Flipkart
"Gymfy Plastic, Metal Collapsible Shoe Stand",899,"3,999",77% off,,Gymfy
FurnCentral Metal Shoe Stand,633,999,36% off,,FurnCentral
AVRO furniture 7756 Matt and Gloss Plastic Outdoor Chai...,"2,899","2,999",3% off,,AVRO
NapCloud SmartNap 4 inch King High Resilience (HR) Foam...,"9,749","12,999",25% off,,NapCloud
Style Spa Quadro Engineered Wood Free Standing Cabinet,"5,190","7,125",27% off,,Style
Flipkart Perfect Homes Webster Engineered Wood TV Enter...,"13,490","20,499",34% off,,Flipkart
DNS Metal Shoe Rack,"9,399","9,500",1% off,,DNS
Joyful Plastic Free Standing Chest of Drawers,"1,289","2,155",40% off,,Joyful
Apex Metal Collapsible Shoe Stand,"1,199","1,999",40% off,,Apex
NapCloud ZipNap 6 inch Double Memory Foam Mattress,"11,249","14,999",25% off,,NapCloud
TimberTaste Sheesham Wood Solid Wood Semi-Open Book She...,"13,690","19,798",30% off,,TimberTaste
SEASPIRIT portable shoe organizer stand for shoes plast...,"1,299","2,199",40% off,,SEASPIRIT
PARASNATH Mild Steel Red Cloth 4-5 Shelves Shoe Rack/Sh...,499,"1,499",66% off,,PARASNATH
NapCloud ZipNap 6 inch Single Memory Foam Mattress,"10,499","13,999",25% off,,NapCloud
FurnCentral 1 Door PP (Polypropylene) Collapsible Wardr...,"1,299","3,100",58% off,,FurnCentral
Flipkart Perfect Homes Songo Solid Wood Bedside Table,"3,790","6,799",44% off,,Flipkart
Continental 4+1+1 Layer Fancy PP Collapsible Wardrobe,"1,449","3,500",58% off,,Continental
MX 32- 60 inches Full Motion LED/LCD Wall Mount Bracket...,"4,499","6,225",27% off,,MX
FurnCentral Metal Shoe Stand,"1,399","2,499",44% off,,FurnCentral
NapCloud ZipNap Plus 8 inch Queen Memory Foam Mattress,"14,624","19,499",25% off,,NapCloud
@home by Nilkamal Jewel Solid Wood 4 Seater Dining Set,"13,590","30,000",54% off,,@home
"Meded Heavy Duty, Wall Mounted/ Floor Standing Steel Sh...","4,500","7,560",40% off,,Meded
Zuari by Forte Dublin Engineered Wood TV Entertainment ...,"11,990","23,198",48% off,,Zuari
NapCloud ZipNap 6 inch King Memory Foam Mattress,"14,999","19,999",25% off,,NapCloud
SleepX APT 6 inch King PU Foam Mattress,"13,190","13,998",5% off,,SleepX
FurnCentral Metal Shoe Stand,899,"1,199",25% off,,FurnCentral
SEASPIRIT Shoes Organizer Shoes Holder Plastic Shoe Sta...,"1,199","2,299",47% off,,SEASPIRIT
ReTrack 10Inch to 26Inch Metal 180 Degree Motion Rotati...,229,999,77% off,,ReTrack
TOPHAVEN Plastic Shoe Slots Organizer (set of -02) Plas...,889,"2,269",60% off,,TOPHAVEN
NapCloud ZipNap Plus 8 inch King Memory Foam Mattress,"16,499","21,999",25% off,,NapCloud
