Product Name,Price,Original Prices,Discount rates,Ratings,Brand
"Realme 6 (Comet Blue, 128 GB)","16,999",NaN,Nan,4.4,Realme
"Redmi Note 8 Pro (Electric Blue, 128 GB)","17,785","17,999",1% off,4.5,Redmi
"POCO X2 (Atlantis Blue, 128 GB)","18,499","18,999",2% off,4.5,POCO
"POCO X2 (Matrix Purple, 128 GB)","18,499","18,999",2% off,4.5,POCO
"Vivo Z1Pro (Sonic Black, 64 GB)","13,990","15,990",12% off,4.5,Vivo
"Vivo Z1Pro (Sonic Black, 128 GB)","16,990","20,990",19% off,4.5,Vivo
"Vivo Z1Pro (Sonic Black, 64 GB)","14,990","17,990",16% off,4.5,Vivo
"Redmi Note 7 Pro (Space Black, 64 GB)","12,999","16,999",23% off,4.5,Redmi
"Vivo Y15 (Burgundy Red, 64 GB)","12,990","15,990",18% off,4.4,Vivo
"Vivo Y15 (Aqua Blue, 64 GB)","12,990","15,990",18% off,4.4,Vivo
"Redmi 8 (Onyx Black, 64 GB)","9,499","10,999",13% off,4.4,Redmi
"POCO X2 (Atlantis Blue, 64 GB)","16,999","17,999",5% off,4.5,POCO
"Realme 5 Pro (Sparkling Blue, 64 GB)","14,999","15,999",6% off,4.5,Realme
"Realme 5 Pro (Sparkling Blue, 128 GB)","16,999","17,999",5% off,4.5,Realme
"Realme 5 Pro (Sparkling Blue, 64 GB)","13,999","14,999",6% off,4.5,Realme
"Realme 5 Pro (Crystal Green, 64 GB)","13,999","14,999",6% off,4.5,Realme
"Vivo Z1Pro (Sonic Blue, 64 GB)","13,990","15,990",12% off,4.5,Vivo
"Vivo Z1Pro (Sonic Blue, 128 GB)","16,990","20,990",19% off,4.5,Vivo
"Vivo Z1Pro (Sonic Blue, 64 GB)","14,990","17,990",16% off,4.5,Vivo
"Realme 6 Pro (Lightning Blue, 64 GB)","17,999",NaN,Nan,4.5,Realme
"Redmi Note 8 Pro (Shadow Black, 64 GB)","15,999","16,999",5% off,4.5,Redmi
"Realme 6 (Comet Blue, 64 GB)","13,999",NaN,Nan,4.4,Realme
"Vivo U10 (Electric Blue, 64 GB)","10,490","11,990",12% off,4.4,Vivo
"Realme C3 (Frozen Blue, 32 GB)","7,999",NaN,Nan,4.4,Realme
"Redmi Note 8 (Neptune Blue, 128 GB)","15,996",NaN,Nan,4.4,Redmi
"Apple iPhone 7 (Black, 32 GB)","29,499","29,900",1% off,4.5,Apple
Samsung Guru Music 2,"1,710","1,950",12% off,4.3,Samsung
Samsung Guru Music 2,"1,927","1,950",1% off,4.3,Samsung
"Apple iPhone SE (Black, 128 GB)","47,800",NaN,Nan,4.7,Apple
Detel D1 Champ,590,NaN,Nan,3.7,Detel
"Redmi Note 8 Pro (Shadow Black, 128 GB)","16,999","17,999",5% off,4.5,Redmi
Nokia 105 Dual Sim 2017,"1,332","1,349",1% off,4.2,Nokia
Nokia 105 SS,"1,240",NaN,Nan,4.3,Nokia
Nokia 105 SS,"1,148",NaN,Nan,4.3,Nokia
Samsung Guru Music 2,"1,899","1,950",2% off,4.3,Samsung
"Redmi Note 7 Pro (Space Black, 128 GB)","13,999","17,999",22% off,4.5,Redmi
Lava A1,840,"1,099",23% off,4.1,Lava
Lava A1,880,"1,099",19% off,4.2,Lava
Nokia 105 ss,"1,199",NaN,Nan,4.3,Nokia
Nokia 105 SS,"1,135","1,195",5% off,4.3,Nokia
"Realme 6 (Comet Blue, 128 GB)","16,999",NaN,Nan,4.4,Realme
"POCO X2 (Atlantis Blue, 128 GB)","18,499","18,999",2% off,4.5,POCO
"POCO X2 (Matrix Purple, 128 GB)","18,499","18,999",2% off,4.5,POCO
"Vivo Z1Pro (Sonic Black, 64 GB)","13,990","15,990",12% off,4.5,Vivo
"Redmi 8 (Onyx Black, 64 GB)","9,499","10,999",13% off,4.4,Redmi
"Realme 5 Pro (Sparkling Blue, 64 GB)","13,999","14,999",6% off,4.5,Realme
"Realme 5 Pro (Crystal Green, 64 GB)","13,999","14,999",6% off,4.5,Realme
"Vivo Z1Pro (Sonic Blue, 64 GB)","13,990","15,990",12% off,4.5,Vivo
"Redmi 8 (Sapphire Blue, 64 GB)","9,499","10,999",13% off,4.4,Redmi
Detel D1 Champ,590,NaN,Nan,3.7,Detel
"Realme 5 (Crystal Purple, 128 GB)","11,999","12,999",7% off,4.4,Realme
"Realme 5 (Crystal Blue, 32 GB)","9,999","10,999",9% off,4.5,Realme
"Realme 5 (Crystal Blue, 128 GB)","11,999","12,999",7% off,4.4,Realme
"Redmi 8 (Ruby Red, 64 GB)","9,499","10,999",13% off,4.4,Redmi
"Redmi 8 (Emerald Green, 64 GB)","9,499","10,999",13% off,4.4,Redmi
"Realme 6 (Comet Blue, 128 GB)","15,999",NaN,Nan,4.4,Realme
"POCO X2 (Phoenix Red, 128 GB)","18,499","18,999",2% off,4.5,POCO
"Realme C2 (Diamond Sapphire, 32 GB)","7,499","8,999",16% off,4.4,Realme
"Realme C2 (Diamond Ruby, 32 GB)","7,499","8,999",16% off,4.4,Realme
"Realme 5i (Forest Green, 64 GB)","9,999","10,999",9% off,4.4,Realme
"Realme 5i (Aqua Blue, 128 GB)","10,999","11,999",8% off,4.4,Realme
"Realme 5i (Aqua Blue, 64 GB)","9,999","10,999",9% off,4.4,Realme
"Realme 5i (Forest Green, 128 GB)","10,999","11,999",8% off,4.4,Realme
"Realme 6 Pro (Lightning Blue, 128 GB)","19,999",NaN,Nan,4.4,Realme
"Infinix Hot 8 (Shark Grey, 64 GB)","7,999","9,999",20% off,4.5,Infinix
"Infinix Hot 8 (Quetzal Cyan, 64 GB)","7,999","9,999",20% off,4.5,Infinix
"Realme 6 Pro (Lightning Blue, 128 GB)","18,999",NaN,Nan,4.5,Realme
"Redmi Y2 (Gold, 32 GB)","7,999","10,499",23% off,4.5,Redmi
"Realme C3 (Frozen Blue, 64 GB)","8,999",NaN,Nan,4.4,Realme
"Realme 6 (Comet White, 128 GB)","15,999",NaN,Nan,4.4,Realme
"POCO X2 (Matrix Purple, 256 GB)","20,999",NaN,Nan,4.5,POCO
"Realme 5 (Crystal Purple, 64 GB)","10,999","11,999",8% off,4.4,Realme
Nokia 105 ss,"1,199",NaN,Nan,4.3,Nokia
Detel D1 Champ,590,NaN,Nan,3.7,Detel
Nokia 105 SS,"1,135","1,195",5% off,4.3,Nokia
"Vivo V19 (Piano Black, 128 GB)","27,990","30,990",9% off,4.6,Vivo
"OnePlus 7T (Glacier Blue, 128 GB)","36,733","37,599",2% off,4.6,OnePlus
"OnePlus 7T (Glacier Blue, 256 GB)","38,356","39,490",2% off,4.6,OnePlus
"Redmi Note 8 Pro (Halo White, 128 GB)","16,999","17,999",5% off,4.5,Redmi
"OPPO F11 Pro (Aurora Green, 64 GB)","16,890","28,990",41% off,4.4,OPPO
"OPPO F11 Pro (Thunder Black, 128 GB)","17,990","29,990",40% off,4.4,OPPO
Lava A1,799,"1,099",27% off,4.2,Lava
Lava A1,880,"1,119",21% off,4.1,Lava
Lava A1,880,"1,049",16% off,4.1,Lava
Lava A1,935,"1,149",18% off,4.2,Lava
"Apple iPhone SE (White, 128 GB)","47,800",NaN,Nan,4.7,Apple
Samsung Guru Music 2,"1,710","1,950",12% off,4.3,Samsung
"Vivo V19 (Mystic Silver, 128 GB)","27,990","30,990",9% off,4.6,Vivo
"Vivo Y12 (Aqua Blue, 64 GB)","10,990","13,990",21% off,4.4,Vivo
"OPPO F15 (Unicorn White, 128 GB)","21,990","22,990",4% off,4.4,OPPO
Micromax X380,740,"1,499",50% off,4,Micromax
Samsung Metro 313 Dual Sim,"2,130","2,340",8% off,4.2,Samsung
"Honor 9X (Midnight Black, 128 GB)","13,999","15,999",12% off,4.3,Honor
"Google Pixel 3a (Clearly White, 64 GB)","30,999","39,999",22% off,4.5,Google
"Google Pixel 3a (Just Black, 64 GB)","30,999","39,999",22% off,4.5,Google
"Mi A3 (More Than White, 64 GB)","12,999","14,999",13% off,4.3,Mi
Samsung Metro 313 Dual Sim,"2,130","2,340",8% off,4.2,Samsung
Hicell C9 Metro,599,NaN,Nan,3.6,Hicell
Nokia 110,"1,799","2,099",14% off,4.1,Nokia
Detel D1 Champ,590,NaN,Nan,3.7,Detel
Samsung Guru 1200,"1,405",NaN,Nan,4.3,Samsung
Lava One,"1,159","1,349",14% off,4.1,Lava
Lava One,"1,159","1,349",14% off,4.1,Lava
Lava ONE,"1,499",NaN,Nan,4.1,Lava
Gfive U229,499,599,16% off,3.7,Gfive
Gfive U229,499,"1,099",54% off,3.7,Gfive
Kechaoda K66 Plus,999,NaN,Nan,4.1,Kechaoda
"Vivo S1 (Skyline Blue, 128 GB)","19,990","22,990",13% off,4.5,Vivo
"Mi A3 (More Than White, 128 GB)","14,999","17,499",14% off,4.3,Mi
"OPPO A5 2020 (Mirror Black, 64 GB)","13,990","15,990",12% off,4.4,OPPO
"OPPO A5 2020 (Dazzling White, 64 GB)","13,990","15,990",12% off,4.4,OPPO
"Samsung Galaxy J2 Core (Blue, 16 GB)","6,299","6,999",10% off,4.2,Samsung
Kechaoda A26,990,NaN,Nan,4.1,Kechaoda
"Redmi Note 8 Pro (Shadow Black, 128 GB)","18,999","19,999",5% off,4.5,Redmi
"Vivo S1 (Skyline Blue, 128 GB)","16,990","19,990",15% off,4.5,Vivo
"Vivo V17 (Midnight Ocean Black, 128 GB)","24,990","27,990",10% off,4.5,Vivo
"Honor 9X (Sapphire Blue, 128 GB)","16,999","19,999",15% off,4.4,Honor
"Honor 9X (Sapphire Blue, 128 GB)","13,999","15,999",12% off,4.3,Honor
"Mi A3 (Kind of Grey, 64 GB)","12,999","14,999",13% off,4.3,Mi
"Samsung Galaxy S9 (Midnight Black, 64 GB)","24,999","62,500",60% off,4.4,Samsung
"Infinix S5 Pro (Forest Green, 64 GB)","10,999","12,999",15% off,4.5,Infinix
"Moto E6s (Caribbean Blue, 64 GB)","7,999","9,999",20% off,4.1,Moto
"Redmi Note 7S (Sapphire Blue, 64 GB)","11,999","13,999",14% off,4.4,Redmi
Detel D1 Champ,590,NaN,Nan,3.7,Detel
"Redmi 8A (Ocean Blue, 32 GB)","6,999","7,999",12% off,4.4,Redmi
"Realme C3 (Blazing Red, 64 GB)","8,999",NaN,Nan,4.4,Realme
"Honor 20i (Phantom Red, 128 GB)","10,999","16,999",35% off,4.3,Honor
Forme N1,599,NaN,Nan,3.5,Forme
"Apple iPhone SE (Red, 128 GB)","47,800",NaN,Nan,4.7,Apple
"Honor 9 Lite (Sapphire Blue, 32 GB)","8,499","13,999",39% off,4.3,Honor
"Honor 9 Lite (Midnight Black, 32 GB)","8,499","13,999",39% off,4.3,Honor
"Honor 9 Lite (Glacier Grey, 32 GB)","8,499","13,999",39% off,4.3,Honor
"Nokia 7.2 (Ice, 64 GB)","16,399","20,999",21% off,4.2,Nokia
"Moto E6s (Rich Cranberry, 64 GB)","7,999","9,999",20% off,4.1,Moto
"Redmi Go (Black, 8 GB)","4,499","5,999",25% off,4.3,Redmi
"Realme X2 (Pearl Blue, 128 GB)","20,999",NaN,Nan,4.5,Realme
"Vivo U10 (Electric Blue, 64 GB)","11,990","13,990",14% off,4.4,Vivo
"Realme X (Garlic, 128 GB)","20,999",NaN,Nan,4.5,Realme
"Redmi Note 6 Pro (Black, 64 GB)","11,999","17,999",33% off,4.5,Redmi
"Motorola G8 Power Lite (Royal Blue, 64 GB)","8,999","9,999",10% off,NaN,Motorola
"Redmi Note 7 Pro (Neptune Blue, 64 GB)","10,999","15,999",31% off,4.5,Redmi
"Vivo U10 (Thunder Black, 64 GB)","10,490","11,990",12% off,4.4,Vivo
"Realme 5s (Crystal Purple, 128 GB)","11,999","12,999",7% off,4.4,Realme
"Realme XT (Pearl Blue, 64 GB)","17,999",NaN,Nan,4.5,Realme
Itel It2171,849,875,2% off,4.1,Itel
Itel It2171,810,999,18% off,4.1,Itel
"Redmi Note 9 Pro (Aurora Blue, 64 GB)","12,999",NaN,Nan,4.4,Redmi
"Redmi Note 9 Pro (Aurora Blue, 128 GB)","14,999","15,999",6% off,4.7,Redmi
"Apple iPhone XS (Space Grey, 64 GB)","62,999","89,900",29% off,4.7,Apple
Detel D1 Champ,590,NaN,Nan,3.7,Detel
"Realme X2 (Pearl Green, 64 GB)","17,999",NaN,Nan,4.5,Realme
"Realme X2 (Pearl Green, 128 GB)","19,999",NaN,Nan,4.5,Realme
"Apple iPhone XS (Gold, 64 GB)","62,999","89,900",29% off,4.7,Apple
Itel IT 2163,790,822,3% off,4,Itel
Kechaoda K66 Plus,999,NaN,Nan,4.1,Kechaoda
Kechaoda K66 Plus,999,NaN,Nan,4.1,Kechaoda
Kechaoda K-55 Plus,"1,045","1,199",12% off,4,Kechaoda
Lava Spark i8,"1,479","1,899",22% off,4.1,Lava
Samsung Metro 313 Dual Sim,"2,294","2,340",1% off,4.3,Samsung
"Redmi Note 8 Pro (Halo White, 128 GB)","18,999","19,999",5% off,4.5,Redmi
"Apple iPhone 11 (Purple, 64 GB)","68,300",NaN,Nan,4.7,Apple
"Coolpad Cool 3 (Midnight Blue, 16 GB)","4,549","6,990",34% off,3.8,Coolpad
"Apple iPhone 11 (White, 128 GB)","73,600",NaN,Nan,4.7,Apple
Nokia 105 SS,"1,149","1,249",8% off,4.3,Nokia
Nokia 105 SS,"1,119","1,249",10% off,4.3,Nokia
"Realme X2 (Pearl White, 128 GB)","20,999",NaN,Nan,4.5,Realme
"Realme X2 (Pearl Green, 128 GB)","20,999",NaN,Nan,4.5,Realme
"Realme X2 (Pearl White, 64 GB)","17,999",NaN,Nan,4.5,Realme
Lava A7,"1,316","1,899",30% off,4.2,Lava
Detel D1 Champ,590,NaN,Nan,3.7,Detel
Lava A7,"1,316","1,899",30% off,4.2,Lava
"Apple iPhone 11 (White, 64 GB)","68,300",NaN,Nan,4.7,Apple
"Apple iPhone 7 Plus (Gold, 32 GB)","36,999","37,900",2% off,4.5,Apple
Lava 34 Plus,"1,499","1,729",13% off,4.3,Lava
Snexian Rock,"1,030","1,999",48% off,3.9,Snexian
"Mi A3 (Not just Blue, 128 GB)","14,999","17,499",14% off,4.3,Mi
Karbonn K9 Mini,790,990,20% off,3.9,Karbonn
"OPPO F11 (Jewelry White, 128 GB)","17,990","23,990",25% off,4.4,OPPO
"Realme XT (Pearl White, 64 GB)","17,999",NaN,Nan,4.5,Realme
"Realme XT (Pearl Blue, 128 GB)","19,999",NaN,Nan,4.5,Realme
"Realme XT (Pearl White, 128 GB)","19,999",NaN,Nan,4.5,Realme
"Apple iPhone 11 (Purple, 128 GB)","73,600",NaN,Nan,4.7,Apple
Kechaoda K33,949,NaN,Nan,4.1,Kechaoda
Kechaoda K33,949,NaN,Nan,4.1,Kechaoda
Kechaoda K33,949,NaN,Nan,4.1,Kechaoda
"Realme C1 (Navy Blue, 32 GB)","8,499","9,999",15% off,4.4,Realme
"POCO X2 (Matrix Purple, 64 GB)","16,999","17,999",5% off,4.5,POCO
"Samsung Galaxy S9 Plus (Midnight Black, 64 GB)","30,999","70,000",55% off,4.5,Samsung
Micromax X741,"1,198",NaN,Nan,4,Micromax
Itel Muzik 400,"1,398",NaN,Nan,4.1,Itel
"Honor 10 Lite (Sky Blue, 64 GB)","12,199","18,999",35% off,4.4,Honor
Lava One,"1,159","1,349",14% off,4.1,Lava
Kechaoda A26,990,NaN,Nan,4.1,Kechaoda
Detel D1 Champ,590,NaN,Nan,3.7,Detel
Lava Spark i8,"1,559","1,569",Nan,4.1,Lava
"OPPO A5 2020 (Dazzling White, 64 GB)","12,490","14,990",16% off,4.4,OPPO
Kara Elight,699,NaN,Nan,3.7,Kara
"POCO X2 (Atlantis Blue, 256 GB)","20,999",NaN,Nan,4.5,POCO
Karbonn K9 SPY,"1,149",NaN,Nan,3.9,Karbonn
"Moto E6s (Polished Graphite, 64 GB)","7,999","9,999",20% off,4.1,Moto
Snexian Rock,"1,030",NaN,Nan,3.9,Snexian
Snexian Rock,"1,285",NaN,Nan,3.9,Snexian
"Vivo V17 (Glacier ice white, 128 GB)","24,990","27,990",10% off,4.5,Vivo
"Huawei Y9 Prime 2019 (Sapphire Blue, 128 GB)","15,999","19,990",19% off,4.3,Huawei
Lava A1200,"1,180","1,199",1% off,4.2,Lava
"Meizu C9 (Gold, 16 GB)","3,699","6,999",47% off,4.1,Meizu
Kechaoda A27,990,NaN,Nan,4.1,Kechaoda
Micromax X746,"1,199","2,499",52% off,4,Micromax
"OPPO F11 (Fluorite Purple, 128 GB)","13,990","21,990",36% off,4.4,OPPO
"Vivo S1 (Diamond Black, 128 GB)","16,990","19,990",15% off,4.5,Vivo
"Vivo S1 (Diamond Black, 128 GB)","19,990","22,990",13% off,4.5,Vivo
"Samsung Galaxy A50s (Prism Crush Black, 128 GB)","18,570","24,900",25% off,4.3,Samsung
Lava A1200,"1,199","1,349",11% off,4.2,Lava
"Redmi Note 7S (Sapphire Blue, 32 GB)","9,999","11,999",16% off,4.4,Redmi
"Apple iPhone XR (White, 128 GB)","57,800",NaN,Nan,4.6,Apple
"Apple iPhone 8 (Silver, 64 GB)","38,999","39,900",2% off,4.5,Apple
"Micromax iOne (Black, 16 GB)","3,965","3,980",Nan,4,Micromax
Micromax X811,"1,099",NaN,Nan,3.8,Micromax
"Tecno Spark Go Plus (Vacation Blue, 32 GB)","7,299","7,499",2% off,4.3,Tecno
Detel D1 Champ,590,NaN,Nan,3.7,Detel
Intex Turbo 108+,999,NaN,Nan,4.2,Intex
"Karbonn Vue 1 (Champagne, 8 GB)","3,799",NaN,Nan,4,Karbonn
"OPPO A9 2020 (Marine Green, 128 GB)","15,990","18,990",15% off,4.4,OPPO
"Honor 9 Lite (Midnight Black, 64 GB)","8,499","16,999",50% off,4.3,Honor
"Apple iPhone XR (White, 128 GB)","57,800",NaN,Nan,4.6,Apple
"XOLO Era 4x (Black, 16 GB)","4,299","7,199",40% off,4.1,XOLO
"Vivo V15 Pro (Topaz Blue, 128 GB)","21,099","32,990",36% off,4.5,Vivo
Micromax X740,"1,194","1,499",20% off,3.8,Micromax
Kechaoda K28,"1,075",NaN,Nan,4,Kechaoda
"Realme X2 Pro (Neptune Blue, 64 GB)","29,999",NaN,Nan,4.5,Realme
Samsung Guru 1200,"1,389","1,410",1% off,4.3,Samsung
"OnePlus 7 (Red, 256 GB)","36,480",NaN,Nan,4.6,OnePlus
Micromax X809,"1,170",NaN,Nan,3.9,Micromax
"Redmi K20 (Carbon Black, 64 GB)","21,999","22,999",4% off,4.5,Redmi
Kechaoda K115,899,"1,349",33% off,4.1,Kechaoda
"Redmi Note 7 Pro (Neptune Blue, 64 GB)","12,999","16,999",23% off,4.5,Redmi
Samsung Guru Music 2 SM-B310E,"1,899","1,950",2% off,4.1,Samsung
Hicell C1 Nova,599,NaN,Nan,3.5,Hicell
"Realme X (Space Blue, 128 GB)","20,999",NaN,Nan,4.5,Realme
"Realme X (Space Blue, 128 GB)","17,999",NaN,Nan,4.5,Realme
"Realme 3i (Diamond Black, 64 GB)","10,499","10,999",4% off,4.4,Realme
"Realme 3i (Diamond Blue, 32 GB)","8,499","8,999",5% off,4.4,Realme
"Redmi Note 8 (Cosmic Purple, 64 GB)","11,449","12,999",11% off,4.4,Redmi
Detel D1 Champ,590,NaN,Nan,3.7,Detel
"Realme 5s (Crystal Red, 128 GB)","11,999","12,999",7% off,4.4,Realme
"Asus ZenFone Max M2 (Blue, 32 GB)","7,499","12,999",42% off,4.3,Asus
"Redmi Note 7 Pro (Space Black, 64 GB)","10,999","15,999",31% off,4.5,Redmi
Muphone M20,979,"1,999",51% off,NaN,Muphone
"Motorola One Vision (Sapphire Gradient, 128 GB)","14,999","22,999",34% off,4.1,Motorola
Itel it5260,"1,345",NaN,Nan,4.7,Itel
"Redmi K20 Pro (Flame Red, 128 GB)","26,999","28,999",6% off,4.5,Redmi
Easyfone Royale,"3,399","3,750",9% off,4.1,Easyfone
Tambo A1800,720,NaN,Nan,3.8,Tambo
"OPPO Reno2 F (Lake Green, 128 GB)","23,490","28,990",18% off,4.5,OPPO
"Redmi Note 7S (Onyx Black, 32 GB)","9,999","11,999",16% off,4.4,Redmi
"Motorola One Action (Denim Blue, 128 GB)","10,999","16,999",35% off,4.2,Motorola
Nokia 150/150 DS,"2,156",NaN,Nan,4.2,Nokia
Karbonn K140 Pop,799,NaN,Nan,3.9,Karbonn
Karbonn K140 Pop,789,899,12% off,3.9,Karbonn
"Moto G6 (Indigo Black, 64 GB)","15,999",NaN,Nan,4.2,Moto
Karbonn KX3,799,NaN,Nan,3.9,Karbonn
Karbonn K-Pebble,"1,379",NaN,Nan,3.9,Karbonn
Itel Magic 1 Max,"1,458","1,468",Nan,3.9,Itel
I Kall K2180 Pack of Two Mobile,"1,199","1,299",7% off,3.6,I
"Gionee F9 (Blue, 32 GB)","5,499","7,900",30% off,4.1,Gionee
Itel It 2190,989,NaN,Nan,4.1,Itel
"Tecno Camon 15 (SHOAL GOLD, 64 GB)","11,499",NaN,Nan,4.3,Tecno
"Lenovo K9 (Black, 32 GB)","6,499","9,999",35% off,4.1,Lenovo
"Asus ZenFone Max M2 (Black, 32 GB)","7,499","12,999",42% off,4.3,Asus
Detel D1 Champ,590,NaN,Nan,3.7,Detel
"Samsung Galaxy M30 (Gradation Black, 64 GB)","15,990",NaN,Nan,4.4,Samsung
I Kall K2180,649,NaN,Nan,3.7,I
"Asus ZenFone Max M2 (Silver, 32 GB)","7,499","12,999",42% off,4.3,Asus
"Tecno Spark 4 Air (Polar Blue, 32 GB)","6,499","7,999",18% off,4.2,Tecno
"Tecno Spark 4 Air (Nebula Black, 32 GB)","7,150",NaN,Nan,4.2,Tecno
Micromax X807,"1,425",NaN,Nan,4.1,Micromax
Micromax X412,738,799,7% off,3.9,Micromax
"Redmi K20 Pro (Glacier Blue, 128 GB)","26,999","28,999",6% off,4.5,Redmi
"Infinix Note 5 (Milan Black, 32 GB)","7,599","10,999",30% off,4.2,Infinix
BlackBear D101 Handy,"1,099",NaN,Nan,3.3,BlackBear
"Lenovo K9 Note (Black, 64 GB)","7,499","11,999",37% off,4.1,Lenovo
Gfive Classic,649,NaN,Nan,3.6,Gfive
"Redmi Y2 (Black, 64 GB)","8,499","13,499",37% off,4.4,Redmi
"Realme 3i (Diamond Red, 32 GB)","8,499","8,999",5% off,4.4,Realme
Karbonn K2 Boom Box,809,NaN,Nan,3.9,Karbonn
Micromax X421,925,NaN,Nan,4.1,Micromax
"Redmi 8A Dual (Sea Blue, 32 GB)","7,399","7,499",1% off,4.3,Redmi
"Redmi 8A Dual (Midnight Grey, 32 GB)","7,499","7,999",6% off,4.3,Redmi
Micromax X807,"1,425",NaN,Nan,4.1,Micromax
Detel D1 Champ,590,NaN,Nan,3.7,Detel
"Realme 3 Pro (Nitro Blue, 64 GB)","15,999","17,999",11% off,4.5,Realme
"Realme 3 Pro (Carbon Grey, 64 GB)","13,999","15,999",12% off,4.5,Realme
"Realme 3 Pro (Carbon Grey, 128 GB)","16,999","19,999",15% off,4.5,Realme
I Kall K20 New Combo of Two Mobiles,"1,199",NaN,Nan,3.4,I
"OPPO A5 (Diamond Red, 32 GB)","12,690","15,990",20% off,4.3,OPPO
InFocus F229,"1,185",NaN,Nan,4,InFocus
"Redmi Note 8 Pro (Gamma Green, 64 GB)","16,999",NaN,Nan,4.5,Redmi
"Redmi Y2 (Blue, 32 GB)","7,999","10,499",23% off,4.5,Redmi
"Asus ZenFone Max M1 (Black, 32 GB)","5,999","9,599",37% off,4.1,Asus
"Samsung Galaxy S10 Lite (Prism Black, 128 GB)","42,999","43,999",2% off,4.5,Samsung
Karbonn K451 Power,"1,229",NaN,Nan,3.8,Karbonn
"Redmi Y2 (Rose Gold, 64 GB)","8,499","13,499",37% off,4.4,Redmi
Itel It 2190,877,"1,125",22% off,4.1,Itel
"Redmi Note 8 (Space Black, 64 GB)","9,998","11,999",16% off,4.4,Redmi
"Samsung Galaxy A30s (Prism Crush White, 64 GB)","15,899","18,900",15% off,4.3,Samsung
Kechaoda K33,950,NaN,Nan,4.1,Kechaoda
Snexian Rock,"1,285",NaN,Nan,3.9,Snexian
"Apple iPhone 11 (Red, 128 GB)","73,600",NaN,Nan,4.7,Apple
"Samsung Galaxy S10 Lite (Prism Blue, 128 GB)","42,999","43,999",2% off,4.5,Samsung
Nokia 105,"1,349","1,499",10% off,4.2,Nokia
Karbonn K99 Pro,"1,279",NaN,Nan,3.8,Karbonn
Nokia 105,"1,295","1,349",4% off,4.2,Nokia
JIVI N3720 Power,"2,299",NaN,Nan,4.1,JIVI
Detel D1 Champ,590,NaN,Nan,3.7,Detel
"Honor 20 (Midnight Black, 128 GB)","21,999","35,999",38% off,4.4,Honor
"Samsung Galaxy A71 (Prism Crush Silver, 128 GB)","32,999","34,999",5% off,4.5,Samsung
Gfive Alpha,999,NaN,Nan,3.4,Gfive
"POCO F1 (Armoured Edition, 256 GB)","17,999","30,999",41% off,4.5,POCO
Itel Power 400,"1,299",NaN,Nan,4.1,Itel
"Yu Yureka Black (Chrome Black, 32 GB)","6,899","10,999",37% off,4,Yu
Kechaoda K112,"1,240",NaN,Nan,3.9,Kechaoda
"Asus Zenfone Max Pro M1 (Black, 64 GB)","11,499","17,999",36% off,4.3,Asus
"Micromax Bharat 4 (Blue, 8 GB)","3,998",NaN,Nan,3.8,Micromax
"Vivo Y17 (Mineral Blue, 128 GB)","14,799","18,990",22% off,4.4,Vivo
"Realme X2 Pro (Neptune Blue, 128 GB)","31,999",NaN,Nan,4.6,Realme
"Realme X2 Pro (Lunar White, 64 GB)","29,999",NaN,Nan,4.5,Realme
"Realme X2 Pro (Neptune Blue, 256 GB)","35,999",NaN,Nan,4.6,Realme
Karbonn K140 Pop,799,NaN,Nan,3.9,Karbonn
"OPPO K1 (Piano Black, 64 GB)","14,990","18,990",21% off,4.4,OPPO
"OPPO K1 (Astral Blue, 64 GB)","14,990","18,990",21% off,4.4,OPPO
"OPPO A3s (Purple, 64 GB)","10,599","13,990",24% off,4.3,OPPO
Kechaoda K115,895,NaN,Nan,4.1,Kechaoda
Kechaoda K115,899,"1,349",33% off,4.1,Kechaoda
Kechaoda K28,"1,075",NaN,Nan,4,Kechaoda
Hicell C5,599,NaN,Nan,3.6,Hicell
Hicell C5,599,NaN,Nan,3.6,Hicell
"Realme X2 Pro (Concrete, 256 GB)","36,999",NaN,Nan,4.6,Realme
"Redmi Note 8 Pro (Electric Blue, 128 GB)","18,999","19,999",5% off,4.5,Redmi
"Gionee A1 Lite (Gold, 32 GB)","5,999","11,499",47% off,4,Gionee
Detel D1 Champ,590,NaN,Nan,3.7,Detel
"Yu Yutopia (Graphite Grey, 32 GB)","7,399","29,999",75% off,2.7,Yu
Itel It 2163,793,799,Nan,4,Itel
Itel IT 2163,794,799,Nan,4,Itel
"Realme X (Super Polar White, 128 GB)","21,999",NaN,Nan,4.5,Realme
"Samsung Galaxy S10 Lite (Prism White, 128 GB)","42,999","43,999",2% off,4.5,Samsung
Karbonn K24+,999,NaN,Nan,3.9,Karbonn
"Apple iPhone SE (Black, 256 GB)","58,300",NaN,Nan,4.7,Apple
"Moto G8 Plus (Crystal Pink, 64 GB)","13,999","15,999",12% off,4.3,Moto
"Infinix Hot 9 Pro (Violet, 64 GB)","9,499","10,999",13% off,NaN,Infinix
"Redmi Note 7 Pro (Astro Moonlight White, 64 GB)","12,999","16,999",23% off,4.5,Redmi
"Honor 20 (Sapphire Blue, 128 GB)","21,999","35,999",38% off,4.4,Honor
"Gionee F10 (Blue, 32 GB)","6,999","7,990",12% off,4.2,Gionee
Jmax M43,499,"1,099",54% off,3.7,Jmax
Jmax M43,499,"1,099",54% off,3.7,Jmax
Blackbear B5 Bucket,699,NaN,Nan,3.7,Blackbear
Kechaoda A26,970,NaN,Nan,4.1,Kechaoda
Kechaoda A26,822,"1,499",45% off,4.1,Kechaoda
"Gionee F9 (Black, 32 GB)","5,499","7,900",30% off,4.1,Gionee
Kechaoda A27,970,NaN,Nan,4.1,Kechaoda
"Redmi K20 Pro (Flame Red, 256 GB)","29,999","31,999",6% off,4.5,Redmi
"Gionee F205 (Black and Gold, 16 GB)","3,999","8,479",52% off,4,Gionee
I Kall K112 Pack of two Mobile,"1,299","2,598",50% off,4.4,I
"Redmi K20 Pro (Carbon Black, 128 GB)","26,999","28,999",6% off,4.5,Redmi
Detel D1 Champ,590,NaN,Nan,3.7,Detel
Karbonn K24 Plus Pro,"1,069",NaN,Nan,3.8,Karbonn
"Nokia 4.2 (Black, 32 GB)","10,099","13,699",26% off,4.1,Nokia
"Redmi Note 8 Pro (Gamma Green, 128 GB)","18,999","19,999",5% off,4.5,Redmi
Karbonn KX24,"1,199",NaN,Nan,3.9,Karbonn
"Realme C2 (Diamond Blue, 16 GB)","6,499","6,999",7% off,4.4,Realme
"Apple iPhone 11 (Green, 128 GB)","73,600",NaN,Nan,4.7,Apple
"Apple iPhone XR (Blue, 64 GB)","52,500",NaN,Nan,4.6,Apple
Micromax X516,"1,050",NaN,Nan,4,Micromax
"Realme C1 (Mirror Black, 32 GB)","8,499","9,999",15% off,4.4,Realme
Karbonn KX1,799,NaN,Nan,3.9,Karbonn
Karbonn KX1,799,NaN,Nan,3.9,Karbonn
Karbonn KX1,799,NaN,Nan,3.9,Karbonn
"Realme 3 (Diamond Red, 64 GB)","9,499","12,999",26% off,4.4,Realme
"Realme 3 (Radiant Blue, 32 GB)","8,499","10,999",22% off,4.4,Realme
"Realme 3 (Radiant Blue, 64 GB)","9,499","11,999",20% off,4.4,Realme
"Realme 3 (Dynamic Black, 64 GB)","10,499","12,999",19% off,4.4,Realme
"Realme 3 (Dynamic Black, 64 GB)","9,499","11,999",20% off,4.4,Realme
"Realme 3 (Dynamic Black, 32 GB)","8,499","10,999",22% off,4.4,Realme
"Asus Zenfone Max Pro M1 (Blue, 64 GB)","8,499","15,599",45% off,4.3,Asus
Itel it5607,983,"1,249",21% off,4.1,Itel
Micromax X741,"1,365",NaN,Nan,4,Micromax
"Redmi K20 Pro (Pearl White, 128 GB)","26,999","28,999",6% off,4.5,Redmi
Jmax M40,499,"1,099",54% off,3.7,Jmax
Jmax M40,499,"1,099",54% off,3.7,Jmax
Jmax M40,499,"1,099",54% off,3.7,Jmax
Detel D1 Champ,590,NaN,Nan,3.7,Detel
Karbonn K885 Metal,"1,299",NaN,Nan,3.8,Karbonn
"Yu Ace (Charcoal Grey, 16 GB)","4,999","7,999",37% off,4.1,Yu
"Gionee F10 (Black, 32 GB)","6,999","7,990",12% off,4.2,Gionee
Lava Captain K1 Plus,939,NaN,Nan,3.8,Lava
"Honor 10 Lite (Midnight Black, 32 GB)","8,499","13,999",39% off,4.4,Honor
"Honor 10 Lite (Sapphire Blue, 64 GB)","11,599","16,999",31% off,4.4,Honor
"Honor 10 Lite (Sapphire Blue, 64 GB)","12,199","18,999",35% off,4.4,Honor
"Karbonn Aura Power 4G+ (Champagne, 16 GB)","3,599","6,590",45% off,3.4,Karbonn
"Gionee F9 (Champagne, 32 GB)","5,499","7,900",30% off,4.1,Gionee
"Samsung Galaxy M30 (Blue, 32 GB)","10,399","11,000",5% off,4.4,Samsung
Gfive U220+,555,599,7% off,3.5,Gfive
"Nubia Redmagic 3S (Mecha Silver, 128 GB)","35,999","39,999",10% off,4.3,Nubia
Karbonn K19 Rock,899,NaN,Nan,3.8,Karbonn
I Kall K51,649,NaN,Nan,3.3,I
"Micromax Vdeo 3 (Champagne, 8 GB)","5,749",NaN,Nan,4,Micromax
"Apple iPhone 7 (Rose Gold, 32 GB)","29,499","29,900",1% off,4.5,Apple
"Honor 7S (Black, 16 GB)","6,499","8,999",27% off,4.1,Honor
"Infinix Hot 7 (Mocha Brown, 64 GB)","9,999",NaN,Nan,4.2,Infinix
Jivi Banana 6,999,"1,399",28% off,3.9,Jivi
Detel D1 Champ,590,NaN,Nan,3.7,Detel
"Nokia 2.2 (Black, 16 GB)","5,499","9,099",39% off,4,Nokia
"Apple iPhone 6s (Silver, 32 GB)","25,299","29,900",15% off,4.5,Apple
"Micromax Vdeo 3 (Grey, 8 GB)","5,749",NaN,Nan,4,Micromax
"Realme X (Polar White, 128 GB)","20,999",NaN,Nan,4.5,Realme
"Redmi Note 9 Pro (Interstellar Black, 64 GB)","16,990",NaN,Nan,4.4,Redmi
"Redmi K20 Pro (Pearl White, 256 GB)","29,999","31,999",6% off,4.5,Redmi
Lava Spark i8,"1,399","1,999",30% off,4.1,Lava
I Kall K 60,"1,999","2,999",33% off,4,I
Karbonn K-Stylo,"1,087","1,645",33% off,3.9,Karbonn
Blackbear B5 Nex,799,999,20% off,4,Blackbear
"Apple iPhone XR ((PRODUCT)RED, 128 GB)","57,800",NaN,Nan,4.6,Apple
Snexian Rock,"1,285",NaN,Nan,3.9,Snexian
"Apple iPhone 7 Plus (Silver, 32 GB)","36,999","37,900",2% off,4.5,Apple
"OPPO Reno3 Pro (Sky White, 128 GB)","31,990","32,990",3% off,4.5,OPPO
"OPPO Reno3 Pro (Auroral Blue, 128 GB)","31,990","32,990",3% off,4.5,OPPO
Samsung Guru Music 2,"1,899","1,950",2% off,4.3,Samsung
"Realme 3 (Radiant Blue, 64 GB)","10,499","12,999",19% off,4.4,Realme
Gfive Leo,675,NaN,Nan,3.6,Gfive
"Realme X2 Pro (Red Brick, 256 GB)","36,999",NaN,Nan,4.6,Realme
"Samsung Galaxy A30s (Prism Crush Black, 64 GB)","15,899","18,900",15% off,4.3,Samsung
BlackZone Eluga,599,NaN,Nan,3.2,BlackZone
Kechaoda K9,"1,075",NaN,Nan,4,Kechaoda
"Ismart Extreme (Sea Blue, 32 GB)","4,890","4,990",2% off,3.2,Ismart
Detel D1 Champ,590,NaN,Nan,3.7,Detel
I Kall K44 new mobile,659,NaN,Nan,3.7,I
Micromax X749,"1,170",NaN,Nan,4.2,Micromax
"iQOO 3 (5G) (Tornado Black, 256 GB)","44,990","46,990",4% off,4.4,iQOO
Karbonn KX23,"1,245","1,490",16% off,3.9,Karbonn
"Gionee M7 Power (Gold, 64 GB)","9,849",NaN,Nan,4.2,Gionee
"Nokia 6.1 (Iron, White, 32 GB)","8,999","17,979",49% off,4.2,Nokia
"OPPO A9 2020 (Marine Green, 128 GB)","18,490","21,990",15% off,4.3,OPPO
"OPPO A9 2020 (Space Purple, 128 GB)","18,490","21,990",15% off,4.3,OPPO
Fox Sultan,"1,110",NaN,Nan,3.9,Fox
"Realme 2 Pro (Blue Ocean, 64 GB)","11,490","13,990",17% off,4.5,Realme
"Realme 2 Pro (Ice Lake, 64 GB)","13,990","15,990",12% off,4.5,Realme
"Realme 2 Pro (Blue Ocean, 64 GB)","11,490","15,990",28% off,4.5,Realme
"Micromax Evok Note (Champagne, 32 GB)","5,099","9,499",46% off,3.6,Micromax
InFocus Hero Power B1,"1,149",NaN,Nan,4,InFocus
Karbonn K334,832,834,Nan,NaN,Karbonn
Fox Champ FX240,908,NaN,Nan,3.6,Fox
BlackZone Genius,599,NaN,Nan,3.4,BlackZone
Karbonn K17 Rock,739,NaN,Nan,3.9,Karbonn
Megus Eco,599,NaN,Nan,3.1,Megus
Kechaoda K112,"1,235",NaN,Nan,3.9,Kechaoda
"OPPO A83 (2018 Edition) (Champagne, 64 GB)","7,490","16,990",55% off,4.3,OPPO
"Lava A68 (Gold, 8 GB)","2,999",NaN,Nan,3.5,Lava
Fox Sultan,"1,110",NaN,Nan,3.9,Fox
Fox Sultan,"1,110",NaN,Nan,3.9,Fox
Fox Sultan,"1,110",NaN,Nan,3.9,Fox
Detel D1 Champ,590,NaN,Nan,3.7,Detel
Kechaoda K66 Plus,949,NaN,Nan,4.1,Kechaoda
"Moto M (Silver, 64 GB)","16,999",NaN,Nan,3.9,Moto
"Moto M (Gold, 32 GB)","14,999",NaN,Nan,3.9,Moto
"Moto M (Grey, 32 GB)","14,999",NaN,Nan,3.9,Moto
"Apple iPhone XR (Black, 64 GB)","52,500",NaN,Nan,4.6,Apple
Fox Sultan,"1,110",NaN,Nan,3.9,Fox
I Kall K24,659,NaN,Nan,3.3,I
"Samsung Galaxy A71 (Prism Crush Black, 128 GB)","32,999","34,999",5% off,4.5,Samsung
"Apple iPhone 8 (Space Grey, 64 GB)","38,999","39,900",2% off,4.5,Apple
Zen M72 Max,"1,289",NaN,Nan,3.9,Zen
Karbonn KX2,725,"1,090",33% off,3.8,Karbonn
I Kall K 64,649,NaN,Nan,3.6,I
Fox BigDaddy,"1,262",NaN,Nan,3.7,Fox
Fox BigDaddy,"1,262",NaN,Nan,3.7,Fox
Fox BigDaddy,"1,262",NaN,Nan,3.7,Fox
Gfive U707 combo of Two,999,"1,099",9% off,3.8,Gfive
Gfive U707 combo of Two,999,"1,099",9% off,3.8,Gfive
Fox Bolt FX241,959,NaN,Nan,3.7,Fox
"Micromax Canvas Infinity (Black, 32 GB)","5,299","9,999",47% off,4.1,Micromax
I Kall K25 Combo of Two Mobiles,"1,199","1,499",20% off,3.5,I
"Vivo V9 (Pearl Black (Golden Line), 64 GB)","23,990",NaN,Nan,4.5,Vivo
Muphone M5800,"1,029","1,999",48% off,3.6,Muphone
"Mi Mix 2 (Black, 128 GB)","29,999","37,999",21% off,4.3,Mi
Detel D1 Champ,590,NaN,Nan,3.7,Detel
"Lava Z41 (Midnight Blue, 16 GB)","4,199","4,799",12% off,4,Lava
I Kall K 38 Plus,"1,299","1,999",35% off,4,I
Fox Champ FX240,908,NaN,Nan,3.6,Fox
Fox Champ FX240,908,NaN,Nan,3.6,Fox
Itel It 5605n,"1,085",NaN,Nan,4.1,Itel
BlackZone Hammar,619,NaN,Nan,3.6,BlackZone
Blackzone Hammar,579,NaN,Nan,3.6,Blackzone
Ssky Stone,849,NaN,Nan,NaN,Ssky
Winstar L6,899,NaN,Nan,3.9,Winstar
"Winstar L6 (Blue, 32 MB)",999,NaN,Nan,3.9,Winstar
Intex Ultra,"1,320",NaN,Nan,3.2,Intex
"InFocus A2 (Champagne Gold, 8 GB)","3,599","5,499",34% off,3.8,InFocus
Salora Coral,899,"1,649",45% off,3.6,Salora
"OPPO F9 Pro (Twilight Blue, 64 GB)","18,990","25,990",26% off,4.5,OPPO
I Kall K40 New,"1,199","1,299",7% off,3.6,I
"Leagoo S8 (Dezzal blue, 32 GB)","5,799","6,299",7% off,3.5,Leagoo
"Realme 2 Pro (Blue Ocean, 128 GB)","15,490","17,990",13% off,4.5,Realme
1+1=2 D1,649,NaN,Nan,3.4,1+1=2
"Samsung GALAXY A50 (White, 64 GB)","24,000",NaN,Nan,4.4,Samsung
"Redmi K20 (Flame Red, 128 GB)","24,999",NaN,Nan,4.5,Redmi
I Kall K-130,659,NaN,Nan,3.6,I
InFocus F229,"1,180",NaN,Nan,4,InFocus
"Nokia 3.2 (Black, 32 GB)","9,499","13,099",27% off,4.1,Nokia
Gfive WP86,"1,079",NaN,Nan,3.1,Gfive
Gfive WP86,"1,079",NaN,Nan,3.1,Gfive
Detel D1 Champ,590,NaN,Nan,3.7,Detel
Gfive WP86,"1,079",NaN,Nan,3.1,Gfive
Kechaoda A 31,949,NaN,Nan,3.8,Kechaoda
"OPPO F11 (Marble Green, 128 GB)","17,990","23,990",25% off,4.4,OPPO
Easyfone Amico,"2,599","3,100",16% off,3.5,Easyfone
I Kall K31,549,599,8% off,3.4,I
JIVI X30,749,NaN,Nan,3.9,JIVI
I Kall K3312,799,NaN,Nan,3.5,I
Intex Mega 2400,"1,325",NaN,Nan,3.8,Intex
Zen M72 Slim,"1,232",NaN,Nan,4,Zen
"Nokia 3.2 (Black, 32 GB)","8,979","12,399",27% off,4.1,Nokia
Winstar W11,999,NaN,Nan,3.6,Winstar
Winstar W11,999,NaN,Nan,3.6,Winstar
I Kall K 50 Combo of 2,"1,499","2,598",42% off,3.9,I
"Realme 2 Pro (Black Sea, 64 GB)","11,490","13,990",17% off,4.5,Realme
Zen Z15,"1,225",NaN,Nan,3.8,Zen
Zen Z15,"1,249",NaN,Nan,3.8,Zen
Zen X50,"1,096",NaN,Nan,3.8,Zen
Reach Cogent Mini,899,NaN,Nan,3.7,Reach
GreenBerry W1,"1,299",NaN,Nan,3.6,GreenBerry
Detel D1 Champ,590,NaN,Nan,3.7,Detel
Jivi X93 Grand,949,NaN,Nan,3.9,Jivi
Zen Power 102,929,"1,019",8% off,4,Zen
Zen Power 102,979,NaN,Nan,4,Zen
"Apple iPhone XR (Coral, 64 GB)","52,500",NaN,Nan,4.6,Apple
Kara K16,699,NaN,Nan,3.7,Kara
Muphone M350,890,"1,999",55% off,NaN,Muphone
Muphone M350,890,"1,999",55% off,NaN,Muphone
Muphone M350,949,"1,999",52% off,NaN,Muphone
Muphone M350,849,"1,999",57% off,NaN,Muphone
Gfive Plus,699,NaN,Nan,3.8,Gfive
"Micromax Bharat 4 Diwali Edition (Matte Black, 8 GB)","4,999",NaN,Nan,3.9,Micromax
Zen X28,919,NaN,Nan,3.4,Zen
Zen X28,919,NaN,Nan,3.8,Zen
Zen X28,919,NaN,Nan,3.4,Zen
Q-Tel Q7,499,NaN,Nan,3.4,Q-Tel
Q-Tel Q7,559,NaN,Nan,3.4,Q-Tel
"Vivo V7+ (Matte Black, 64 GB)","22,221",NaN,Nan,4.4,Vivo
"Vivo Y71 (Matte Black, 16 GB)","11,990",NaN,Nan,4.3,Vivo
Blackbear B5 Neo,610,899,32% off,3.2,Blackbear
Blackbear B5 Neo,610,899,32% off,3.2,Blackbear
Kechaoda K10,799,NaN,Nan,4,Kechaoda
"Motorola One Macro (Ultra Violet, 64 GB)","9,999","11,999",16% off,4.2,Motorola
Reach Power 230,770,NaN,Nan,3.4,Reach
Detel D1 Champ,590,NaN,Nan,3.7,Detel
Tambo A1806,890,999,10% off,NaN,Tambo
"Itel A44 Pro (Blue, 16 GB)","5,090",NaN,Nan,4.3,Itel
"Samsung Galaxy On Max (Gold, 32 GB)","19,900",NaN,Nan,4.3,Samsung
"Samsung Galaxy M30s (Black, 64 GB)","15,499","15,500",Nan,4.3,Samsung
"Coolpad Mega 5C (Sky Blue, 16 GB)","3,200","5,499",41% off,3.7,Coolpad
BlackZone B310,599,NaN,Nan,NaN,BlackZone
Gfive U707,625,899,30% off,3.7,Gfive
"Micromax Bharat 4 (Black, 8 GB)","3,590",NaN,Nan,3.8,Micromax
"Vivo V11 Pro (Starry Night Black, 64 GB)","15,799","28,990",45% off,4.5,Vivo
"Asus ZenFone Max M2 (Black, 64 GB)","8,999","14,999",40% off,4.3,Asus
"Redmi Note 3 (Gold, 32 GB)","11,999",NaN,Nan,4.3,Redmi
GLX W22,639,NaN,Nan,3.6,GLX
GLX W22,639,NaN,Nan,3.6,GLX
GLX W22,639,NaN,Nan,3.6,GLX
Samsung Guru GT,"1,339","1,465",8% off,4.1,Samsung
"Itel Vision1 (Gradation Purple, 32 GB)","6,299",NaN,Nan,4.1,Itel
Tork T13 Banana,837,"1,799",53% off,4,Tork
Mymax M36,599,NaN,Nan,3.3,Mymax
"Vivo V15 Pro (Ruby Red, 128 GB)","21,099","32,990",36% off,4.5,Vivo
"Honor 10 Lite (Midnight Black, 64 GB)","11,599","16,999",31% off,4.4,Honor
"Honor 10 Lite (Sapphire Blue, 32 GB)","8,499","13,999",39% off,4.4,Honor
Karbonn KX26,999,NaN,Nan,3.8,Karbonn
"Samsung Galaxy M30s (Black, 64 GB)","15,499","15,500",Nan,4.3,Samsung
"Coolpad Mega 5A (Gold, 16 GB)","6,790",NaN,Nan,3.8,Coolpad
I Kall K30,799,NaN,Nan,3.7,I
Detel D1 Champ,590,NaN,Nan,3.7,Detel
Forme Duos N2,799,899,11% off,4.1,Forme
Salora Vishaal,"1,099",NaN,Nan,4.3,Salora
Salora Volt 2,659,"1,099",40% off,3.9,Salora
"Lava A52 (Black, 4 GB)","2,099",NaN,Nan,3.8,Lava
"Lava Iris Atom (Black, 8 GB)","2,699",NaN,Nan,3.3,Lava
Karbonn K490+,985,NaN,Nan,3.6,Karbonn
Micromax X746,"1,399",NaN,Nan,4,Micromax
"YUHO Y2 Pro (Ruby Red-Black, 16 GB)","4,699","8,999",47% off,NaN,YUHO
Inovu A1s Combo of Two Mobiles,"1,156","2,178",46% off,3.3,Inovu
Inovu A1s Combo of Two Mobiles,"1,156","2,178",46% off,3.3,Inovu
Inovu A1s Combo of Two Mobiles,"1,156","2,178",46% off,3.3,Inovu
Muphone M3000,849,899,5% off,3.6,Muphone
Muphone M3000,849,899,5% off,3.6,Muphone
Muphone M3000,849,"1,999",57% off,3.6,Muphone
Reach Champ + Selfie Black Yellow,699,NaN,Nan,NaN,Reach
Karbonn KX26,999,NaN,Nan,3.8,Karbonn
Gfive U873,599,NaN,Nan,3.7,Gfive
Zen Zen M72 Max,"1,270",NaN,Nan,3.8,Zen
Karbonn K324N,"1,045",NaN,Nan,3.8,Karbonn
Rocktel R5,599,NaN,Nan,3.6,Rocktel
